Not Fleshed Out,Name,Type,Subtype,Cost,Desc,Power,Toughness,Rarity,Custom Color,"""Does""","""Cares About""",CMC,Flavor Text,NOTES,Related Cards,Is Adventure,Is Token,Is Card,Is White,Is Blue,Is Black,Is Red,Is Green,Is Colorless,Is Gold,Is Enchantment,Is Creature,Is Artifact,Is Instant/Sorcery,Is Land,,Notes are Empty,,CMC (replace non-numeric tokens),CMC (numberic extraction),
FALSE,Example Card 1,Creature,Thing,{1}{u},A creature! Its body text goes here.,1,2,,,,,2,,,,FALSE,FALSE,1,0,1,0,0,0,0,0,0,1,0,0,0,,TRUE,,{1}$,1,1
FALSE,Example Card 2 ,Enchantment Creature,Another Thing,{w/b},This one is hybrid... Ooh! And automatically got an enchantment frame!,1,1,,,,,1,,,,FALSE,FALSE,1,1,0,1,0,0,0,1,1,1,0,0,0,,TRUE,,$,0,2
FALSE,Travelling Man,Creature,Human,{4}{r}{g},Gold! (Italics!!),5,5,,,,,6,,,The Man's Adventure,FALSE,FALSE,1,0,0,0,1,1,0,1,0,1,0,0,0,,TRUE,,{4}$$,4,3
FALSE,Example Card 4,Artifact,,{4},Artifact's gonna do what an artifact's gonna do.,,,,,,,4,,,,FALSE,FALSE,1,0,0,0,0,0,1,0,0,0,1,0,0,,TRUE,,{4},4,4
FALSE,The Man's Adventure,Instant,Adventure,{3}{r/g},A hybrid adventure!? (He's on an adventure...!),,,,,,,4,,,,TRUE,FALSE,1,0,0,0,1,1,0,1,0,0,0,1,0,,TRUE,,{3}$,3,5
FALSE,,,,,,,,,,,,0,,,,FALSE,FALSE,0,0,0,0,0,0,0,0,0,0,0,0,0,,TRUE,,,0,6
FALSE,,,,,,,,,,,,0,,,,FALSE,FALSE,0,0,0,0,0,0,0,0,0,0,0,0,0,,TRUE,,,0,7
FALSE,,,,,,,,,,,,0,,,,FALSE,FALSE,0,0,0,0,0,0,0,0,0,0,0,0,0,,TRUE,,,0,8
FALSE,,,,,,,,,,,,0,,,,FALSE,FALSE,0,0,0,0,0,0,0,0,0,0,0,0,0,,TRUE,,,0,9
FALSE,,,,,,,,,,,,0,,,,FALSE,FALSE,0,0,0,0,0,0,0,0,0,0,0,0,0,,TRUE,,,0,10
FALSE,,,,,,,,,,,,0,,,,FALSE,FALSE,0,0,0,0,0,0,0,0,0,0,0,0,0,,TRUE,,,0,11
FALSE,,,,,,,,,,,,0,,,,FALSE,FALSE,0,0,0,0,0,0,0,0,0,0,0,0,0,,TRUE,,,0,12
FALSE,,,,,,,,,,,,0,,,,FALSE,FALSE,0,0,0,0,0,0,0,0,0,0,0,0,0,,TRUE,,,0,13
FALSE,,,,,,,,,,,,0,,,,FALSE,FALSE,0,0,0,0,0,0,0,0,0,0,0,0,0,,TRUE,,,0,14
FALSE,,,,,,,,,,,,0,,,,FALSE,FALSE,0,0,0,0,0,0,0,0,0,0,0,0,0,,TRUE,,,0,15
FALSE,,,,,,,,,,,,0,,,,FALSE,FALSE,0,0,0,0,0,0,0,0,0,0,0,0,0,,TRUE,,,0,16
FALSE,,,,,,,,,,,,0,,,,FALSE,FALSE,0,0,0,0,0,0,0,0,0,0,0,0,0,,TRUE,,,0,17
FALSE,,,,,,,,,,,,0,,,,FALSE,FALSE,0,0,0,0,0,0,0,0,0,0,0,0,0,,TRUE,,,0,18
FALSE,,,,,,,,,,,,0,,,,FALSE,FALSE,0,0,0,0,0,0,0,0,0,0,0,0,0,,TRUE,,,0,19
FALSE,,,,,,,,,,,,0,,,,FALSE,FALSE,0,0,0,0,0,0,0,0,0,0,0,0,0,,TRUE,,,0,20
FALSE,,,,,,,,,,,,0,,,,FALSE,FALSE,0,0,0,0,0,0,0,0,0,0,0,0,0,,TRUE,,,0,21
FALSE,,,,,,,,,,,,0,,,,FALSE,FALSE,0,0,0,0,0,0,0,0,0,0,0,0,0,,TRUE,,,0,22
FALSE,,,,,,,,,,,,0,,,,FALSE,FALSE,0,0,0,0,0,0,0,0,0,0,0,0,0,,TRUE,,,0,23
FALSE,,,,,,,,,,,,0,,,,FALSE,FALSE,0,0,0,0,0,0,0,0,0,0,0,0,0,,TRUE,,,0,24
FALSE,,,,,,,,,,,,0,,,,FALSE,FALSE,0,0,0,0,0,0,0,0,0,0,0,0,0,,TRUE,,,0,25
FALSE,,,,,,,,,,,,0,,,,FALSE,FALSE,0,0,0,0,0,0,0,0,0,0,0,0,0,,TRUE,,,0,26
FALSE,,,,,,,,,,,,0,,,,FALSE,FALSE,0,0,0,0,0,0,0,0,0,0,0,0,0,,TRUE,,,0,27
FALSE,,,,,,,,,,,,0,,,,FALSE,FALSE,0,0,0,0,0,0,0,0,0,0,0,0,0,,TRUE,,,0,28
FALSE,,,,,,,,,,,,0,,,,FALSE,FALSE,0,0,0,0,0,0,0,0,0,0,0,0,0,,TRUE,,,0,29
FALSE,,,,,,,,,,,,0,,,,FALSE,FALSE,0,0,0,0,0,0,0,0,0,0,0,0,0,,TRUE,,,0,30
FALSE,,,,,,,,,,,,0,,,,FALSE,FALSE,0,0,0,0,0,0,0,0,0,0,0,0,0,,TRUE,,,0,31
FALSE,,,,,,,,,,,,0,,,,FALSE,FALSE,0,0,0,0,0,0,0,0,0,0,0,0,0,,TRUE,,,0,32
FALSE,,,,,,,,,,,,0,,,,FALSE,FALSE,0,0,0,0,0,0,0,0,0,0,0,0,0,,TRUE,,,0,33
FALSE,,,,,,,,,,,,0,,,,FALSE,FALSE,0,0,0,0,0,0,0,0,0,0,0,0,0,,TRUE,,,0,34
FALSE,,,,,,,,,,,,0,,,,FALSE,FALSE,0,0,0,0,0,0,0,0,0,0,0,0,0,,TRUE,,,0,35
FALSE,,,,,,,,,,,,0,,,,FALSE,FALSE,0,0,0,0,0,0,0,0,0,0,0,0,0,,TRUE,,,0,36
FALSE,,,,,,,,,,,,0,,,,FALSE,FALSE,0,0,0,0,0,0,0,0,0,0,0,0,0,,TRUE,,,0,37
FALSE,,,,,,,,,,,,0,,,,FALSE,FALSE,0,0,0,0,0,0,0,0,0,0,0,0,0,,TRUE,,,0,38
FALSE,,,,,,,,,,,,0,,,,FALSE,FALSE,0,0,0,0,0,0,0,0,0,0,0,0,0,,TRUE,,,0,39
FALSE,,,,,,,,,,,,0,,,,FALSE,FALSE,0,0,0,0,0,0,0,0,0,0,0,0,0,,TRUE,,,0,40
FALSE,,,,,,,,,,,,0,,,,FALSE,FALSE,0,0,0,0,0,0,0,0,0,0,0,0,0,,TRUE,,,0,41
FALSE,,,,,,,,,,,,0,,,,FALSE,FALSE,0,0,0,0,0,0,0,0,0,0,0,0,0,,TRUE,,,0,42
FALSE,,,,,,,,,,,,0,,,,FALSE,FALSE,0,0,0,0,0,0,0,0,0,0,0,0,0,,TRUE,,,0,43
FALSE,,,,,,,,,,,,0,,,,FALSE,FALSE,0,0,0,0,0,0,0,0,0,0,0,0,0,,TRUE,,,0,44
FALSE,,,,,,,,,,,,0,,,,FALSE,FALSE,0,0,0,0,0,0,0,0,0,0,0,0,0,,TRUE,,,0,45
FALSE,,,,,,,,,,,,0,,,,FALSE,FALSE,0,0,0,0,0,0,0,0,0,0,0,0,0,,TRUE,,,0,46
FALSE,,,,,,,,,,,,0,,,,FALSE,FALSE,0,0,0,0,0,0,0,0,0,0,0,0,0,,TRUE,,,0,47
FALSE,,,,,,,,,,,,0,,,,FALSE,FALSE,0,0,0,0,0,0,0,0,0,0,0,0,0,,TRUE,,,0,48
FALSE,,,,,,,,,,,,0,,,,FALSE,FALSE,0,0,0,0,0,0,0,0,0,0,0,0,0,,TRUE,,,0,49
FALSE,,,,,,,,,,,,0,,,,FALSE,FALSE,0,0,0,0,0,0,0,0,0,0,0,0,0,,TRUE,,,0,50
FALSE,,,,,,,,,,,,0,,,,FALSE,FALSE,0,0,0,0,0,0,0,0,0,0,0,0,0,,TRUE,,,0,51
FALSE,,,,,,,,,,,,0,,,,FALSE,FALSE,0,0,0,0,0,0,0,0,0,0,0,0,0,,TRUE,,,0,52
FALSE,,,,,,,,,,,,0,,,,FALSE,FALSE,0,0,0,0,0,0,0,0,0,0,0,0,0,,TRUE,,,0,53
FALSE,,,,,,,,,,,,0,,,,FALSE,FALSE,0,0,0,0,0,0,0,0,0,0,0,0,0,,TRUE,,,0,54
FALSE,,,,,,,,,,,,0,,,,FALSE,FALSE,0,0,0,0,0,0,0,0,0,0,0,0,0,,TRUE,,,0,55
FALSE,,,,,,,,,,,,0,,,,FALSE,FALSE,0,0,0,0,0,0,0,0,0,0,0,0,0,,TRUE,,,0,56
FALSE,,,,,,,,,,,,0,,,,FALSE,FALSE,0,0,0,0,0,0,0,0,0,0,0,0,0,,TRUE,,,0,57
FALSE,,,,,,,,,,,,0,,,,FALSE,FALSE,0,0,0,0,0,0,0,0,0,0,0,0,0,,TRUE,,,0,58
FALSE,,,,,,,,,,,,0,,,,FALSE,FALSE,0,0,0,0,0,0,0,0,0,0,0,0,0,,TRUE,,,0,59
FALSE,,,,,,,,,,,,0,,,,FALSE,FALSE,0,0,0,0,0,0,0,0,0,0,0,0,0,,TRUE,,,0,60
FALSE,,,,,,,,,,,,0,,,,FALSE,FALSE,0,0,0,0,0,0,0,0,0,0,0,0,0,,TRUE,,,0,61
FALSE,,,,,,,,,,,,0,,,,FALSE,FALSE,0,0,0,0,0,0,0,0,0,0,0,0,0,,TRUE,,,0,62
FALSE,,,,,,,,,,,,0,,,,FALSE,FALSE,0,0,0,0,0,0,0,0,0,0,0,0,0,,TRUE,,,0,63
FALSE,,,,,,,,,,,,0,,,,FALSE,FALSE,0,0,0,0,0,0,0,0,0,0,0,0,0,,TRUE,,,0,64
FALSE,,,,,,,,,,,,0,,,,FALSE,FALSE,0,0,0,0,0,0,0,0,0,0,0,0,0,,TRUE,,,0,65
FALSE,,,,,,,,,,,,0,,,,FALSE,FALSE,0,0,0,0,0,0,0,0,0,0,0,0,0,,TRUE,,,0,66
FALSE,,,,,,,,,,,,0,,,,FALSE,FALSE,0,0,0,0,0,0,0,0,0,0,0,0,0,,TRUE,,,0,67
FALSE,,,,,,,,,,,,0,,,,FALSE,FALSE,0,0,0,0,0,0,0,0,0,0,0,0,0,,TRUE,,,0,68
FALSE,,,,,,,,,,,,0,,,,FALSE,FALSE,0,0,0,0,0,0,0,0,0,0,0,0,0,,TRUE,,,0,69
FALSE,,,,,,,,,,,,0,,,,FALSE,FALSE,0,0,0,0,0,0,0,0,0,0,0,0,0,,TRUE,,,0,70
FALSE,,,,,,,,,,,,0,,,,FALSE,FALSE,0,0,0,0,0,0,0,0,0,0,0,0,0,,TRUE,,,0,71
FALSE,,,,,,,,,,,,0,,,,FALSE,FALSE,0,0,0,0,0,0,0,0,0,0,0,0,0,,TRUE,,,0,72
FALSE,,,,,,,,,,,,0,,,,FALSE,FALSE,0,0,0,0,0,0,0,0,0,0,0,0,0,,TRUE,,,0,73
FALSE,,,,,,,,,,,,0,,,,FALSE,FALSE,0,0,0,0,0,0,0,0,0,0,0,0,0,,TRUE,,,0,74
FALSE,,,,,,,,,,,,0,,,,FALSE,FALSE,0,0,0,0,0,0,0,0,0,0,0,0,0,,TRUE,,,0,75
FALSE,,,,,,,,,,,,0,,,,FALSE,FALSE,0,0,0,0,0,0,0,0,0,0,0,0,0,,TRUE,,,0,76
FALSE,,,,,,,,,,,,0,,,,FALSE,FALSE,0,0,0,0,0,0,0,0,0,0,0,0,0,,TRUE,,,0,77
FALSE,,,,,,,,,,,,0,,,,FALSE,FALSE,0,0,0,0,0,0,0,0,0,0,0,0,0,,TRUE,,,0,78
FALSE,,,,,,,,,,,,0,,,,FALSE,FALSE,0,0,0,0,0,0,0,0,0,0,0,0,0,,TRUE,,,0,79
FALSE,,,,,,,,,,,,0,,,,FALSE,FALSE,0,0,0,0,0,0,0,0,0,0,0,0,0,,TRUE,,,0,80
FALSE,,,,,,,,,,,,0,,,,FALSE,FALSE,0,0,0,0,0,0,0,0,0,0,0,0,0,,TRUE,,,0,81
FALSE,,,,,,,,,,,,0,,,,FALSE,FALSE,0,0,0,0,0,0,0,0,0,0,0,0,0,,TRUE,,,0,82
FALSE,,,,,,,,,,,,0,,,,FALSE,FALSE,0,0,0,0,0,0,0,0,0,0,0,0,0,,TRUE,,,0,83
FALSE,,,,,,,,,,,,0,,,,FALSE,FALSE,0,0,0,0,0,0,0,0,0,0,0,0,0,,TRUE,,,0,84
FALSE,,,,,,,,,,,,0,,,,FALSE,FALSE,0,0,0,0,0,0,0,0,0,0,0,0,0,,TRUE,,,0,85
FALSE,,,,,,,,,,,,0,,,,FALSE,FALSE,0,0,0,0,0,0,0,0,0,0,0,0,0,,TRUE,,,0,86
FALSE,,,,,,,,,,,,0,,,,FALSE,FALSE,0,0,0,0,0,0,0,0,0,0,0,0,0,,TRUE,,,0,87
FALSE,,,,,,,,,,,,0,,,,FALSE,FALSE,0,0,0,0,0,0,0,0,0,0,0,0,0,,TRUE,,,0,88
FALSE,,,,,,,,,,,,0,,,,FALSE,FALSE,0,0,0,0,0,0,0,0,0,0,0,0,0,,TRUE,,,0,89
FALSE,,,,,,,,,,,,0,,,,FALSE,FALSE,0,0,0,0,0,0,0,0,0,0,0,0,0,,TRUE,,,0,90
FALSE,,,,,,,,,,,,0,,,,FALSE,FALSE,0,0,0,0,0,0,0,0,0,0,0,0,0,,TRUE,,,0,91
FALSE,,,,,,,,,,,,0,,,,FALSE,FALSE,0,0,0,0,0,0,0,0,0,0,0,0,0,,TRUE,,,0,92
FALSE,,,,,,,,,,,,0,,,,FALSE,FALSE,0,0,0,0,0,0,0,0,0,0,0,0,0,,TRUE,,,0,93
FALSE,,,,,,,,,,,,0,,,,FALSE,FALSE,0,0,0,0,0,0,0,0,0,0,0,0,0,,TRUE,,,0,94
FALSE,,,,,,,,,,,,0,,,,FALSE,FALSE,0,0,0,0,0,0,0,0,0,0,0,0,0,,TRUE,,,0,95
FALSE,,,,,,,,,,,,0,,,,FALSE,FALSE,0,0,0,0,0,0,0,0,0,0,0,0,0,,TRUE,,,0,96
FALSE,,,,,,,,,,,,0,,,,FALSE,FALSE,0,0,0,0,0,0,0,0,0,0,0,0,0,,TRUE,,,0,97
FALSE,,,,,,,,,,,,0,,,,FALSE,FALSE,0,0,0,0,0,0,0,0,0,0,0,0,0,,TRUE,,,0,98
FALSE,,,,,,,,,,,,0,,,,FALSE,FALSE,0,0,0,0,0,0,0,0,0,0,0,0,0,,TRUE,,,0,99
FALSE,,,,,,,,,,,,0,,,,FALSE,FALSE,0,0,0,0,0,0,0,0,0,0,0,0,0,,TRUE,,,0,100
FALSE,,,,,,,,,,,,0,,,,FALSE,FALSE,0,0,0,0,0,0,0,0,0,0,0,0,0,,TRUE,,,0,101
FALSE,,,,,,,,,,,,0,,,,FALSE,FALSE,0,0,0,0,0,0,0,0,0,0,0,0,0,,TRUE,,,0,102
FALSE,,,,,,,,,,,,0,,,,FALSE,FALSE,0,0,0,0,0,0,0,0,0,0,0,0,0,,TRUE,,,0,103
FALSE,,,,,,,,,,,,0,,,,FALSE,FALSE,0,0,0,0,0,0,0,0,0,0,0,0,0,,TRUE,,,0,104
FALSE,,,,,,,,,,,,0,,,,FALSE,FALSE,0,0,0,0,0,0,0,0,0,0,0,0,0,,TRUE,,,0,105
FALSE,,,,,,,,,,,,0,,,,FALSE,FALSE,0,0,0,0,0,0,0,0,0,0,0,0,0,,TRUE,,,0,106
FALSE,,,,,,,,,,,,0,,,,FALSE,FALSE,0,0,0,0,0,0,0,0,0,0,0,0,0,,TRUE,,,0,107
FALSE,,,,,,,,,,,,0,,,,FALSE,FALSE,0,0,0,0,0,0,0,0,0,0,0,0,0,,TRUE,,,0,108
FALSE,,,,,,,,,,,,0,,,,FALSE,FALSE,0,0,0,0,0,0,0,0,0,0,0,0,0,,TRUE,,,0,109
FALSE,,,,,,,,,,,,0,,,,FALSE,FALSE,0,0,0,0,0,0,0,0,0,0,0,0,0,,TRUE,,,0,110
FALSE,,,,,,,,,,,,0,,,,FALSE,FALSE,0,0,0,0,0,0,0,0,0,0,0,0,0,,TRUE,,,0,111
FALSE,,,,,,,,,,,,0,,,,FALSE,FALSE,0,0,0,0,0,0,0,0,0,0,0,0,0,,TRUE,,,0,112
FALSE,,,,,,,,,,,,0,,,,FALSE,FALSE,0,0,0,0,0,0,0,0,0,0,0,0,0,,TRUE,,,0,113
FALSE,,,,,,,,,,,,0,,,,FALSE,FALSE,0,0,0,0,0,0,0,0,0,0,0,0,0,,TRUE,,,0,114
FALSE,,,,,,,,,,,,0,,,,FALSE,FALSE,0,0,0,0,0,0,0,0,0,0,0,0,0,,TRUE,,,0,115
FALSE,,,,,,,,,,,,0,,,,FALSE,FALSE,0,0,0,0,0,0,0,0,0,0,0,0,0,,TRUE,,,0,116
FALSE,,,,,,,,,,,,0,,,,FALSE,FALSE,0,0,0,0,0,0,0,0,0,0,0,0,0,,TRUE,,,0,117
FALSE,,,,,,,,,,,,0,,,,FALSE,FALSE,0,0,0,0,0,0,0,0,0,0,0,0,0,,TRUE,,,0,118
FALSE,,,,,,,,,,,,0,,,,FALSE,FALSE,0,0,0,0,0,0,0,0,0,0,0,0,0,,TRUE,,,0,119
FALSE,,,,,,,,,,,,0,,,,FALSE,FALSE,0,0,0,0,0,0,0,0,0,0,0,0,0,,TRUE,,,0,120
FALSE,,,,,,,,,,,,0,,,,FALSE,FALSE,0,0,0,0,0,0,0,0,0,0,0,0,0,,TRUE,,,0,121
FALSE,,,,,,,,,,,,0,,,,FALSE,FALSE,0,0,0,0,0,0,0,0,0,0,0,0,0,,TRUE,,,0,122
FALSE,,,,,,,,,,,,0,,,,FALSE,FALSE,0,0,0,0,0,0,0,0,0,0,0,0,0,,TRUE,,,0,123
FALSE,,,,,,,,,,,,0,,,,FALSE,FALSE,0,0,0,0,0,0,0,0,0,0,0,0,0,,TRUE,,,0,124
FALSE,,,,,,,,,,,,0,,,,FALSE,FALSE,0,0,0,0,0,0,0,0,0,0,0,0,0,,TRUE,,,0,125
FALSE,,,,,,,,,,,,0,,,,FALSE,FALSE,0,0,0,0,0,0,0,0,0,0,0,0,0,,TRUE,,,0,126
FALSE,,,,,,,,,,,,0,,,,FALSE,FALSE,0,0,0,0,0,0,0,0,0,0,0,0,0,,TRUE,,,0,127
FALSE,,,,,,,,,,,,0,,,,FALSE,FALSE,0,0,0,0,0,0,0,0,0,0,0,0,0,,TRUE,,,0,128
FALSE,,,,,,,,,,,,0,,,,FALSE,FALSE,0,0,0,0,0,0,0,0,0,0,0,0,0,,TRUE,,,0,129
FALSE,,,,,,,,,,,,0,,,,FALSE,FALSE,0,0,0,0,0,0,0,0,0,0,0,0,0,,TRUE,,,0,130
FALSE,,,,,,,,,,,,0,,,,FALSE,FALSE,0,0,0,0,0,0,0,0,0,0,0,0,0,,TRUE,,,0,131
FALSE,,,,,,,,,,,,0,,,,FALSE,FALSE,0,0,0,0,0,0,0,0,0,0,0,0,0,,TRUE,,,0,132
FALSE,,,,,,,,,,,,0,,,,FALSE,FALSE,0,0,0,0,0,0,0,0,0,0,0,0,0,,TRUE,,,0,133
FALSE,,,,,,,,,,,,0,,,,FALSE,FALSE,0,0,0,0,0,0,0,0,0,0,0,0,0,,TRUE,,,0,134
FALSE,,,,,,,,,,,,0,,,,FALSE,FALSE,0,0,0,0,0,0,0,0,0,0,0,0,0,,TRUE,,,0,135
FALSE,,,,,,,,,,,,0,,,,FALSE,FALSE,0,0,0,0,0,0,0,0,0,0,0,0,0,,TRUE,,,0,136
FALSE,,,,,,,,,,,,0,,,,FALSE,FALSE,0,0,0,0,0,0,0,0,0,0,0,0,0,,TRUE,,,0,137
FALSE,,,,,,,,,,,,0,,,,FALSE,FALSE,0,0,0,0,0,0,0,0,0,0,0,0,0,,TRUE,,,0,138
FALSE,,,,,,,,,,,,0,,,,FALSE,FALSE,0,0,0,0,0,0,0,0,0,0,0,0,0,,TRUE,,,0,139
FALSE,,,,,,,,,,,,0,,,,FALSE,FALSE,0,0,0,0,0,0,0,0,0,0,0,0,0,,TRUE,,,0,140
FALSE,,,,,,,,,,,,0,,,,FALSE,FALSE,0,0,0,0,0,0,0,0,0,0,0,0,0,,TRUE,,,0,141
FALSE,,,,,,,,,,,,0,,,,FALSE,FALSE,0,0,0,0,0,0,0,0,0,0,0,0,0,,TRUE,,,0,142
FALSE,,,,,,,,,,,,0,,,,FALSE,FALSE,0,0,0,0,0,0,0,0,0,0,0,0,0,,TRUE,,,0,143
FALSE,,,,,,,,,,,,0,,,,FALSE,FALSE,0,0,0,0,0,0,0,0,0,0,0,0,0,,TRUE,,,0,144
FALSE,,,,,,,,,,,,0,,,,FALSE,FALSE,0,,0,0,0,0,0,0,0,0,0,0,0,,TRUE,,,0,145
FALSE,,,,,,,,,,,,0,,,,FALSE,FALSE,0,,0,0,0,0,0,0,0,0,0,0,0,,TRUE,,,0,146
FALSE,,,,,,,,,,,,0,,,,FALSE,FALSE,0,,0,0,0,0,0,0,0,0,0,0,0,,TRUE,,,0,147
FALSE,,,,,,,,,,,,0,,,,FALSE,FALSE,0,,0,0,0,0,0,0,0,0,0,0,0,,TRUE,,,0,148
FALSE,,,,,,,,,,,,0,,,,FALSE,FALSE,0,0,0,0,0,0,0,0,0,0,0,0,0,,TRUE,,,0,149
FALSE,,,,,,,,,,,,0,,,,FALSE,FALSE,0,0,0,0,0,0,0,0,0,0,0,0,0,,TRUE,,,0,150
FALSE,,,,,,,,,,,,0,,,,FALSE,FALSE,0,0,0,0,0,0,0,0,0,0,0,0,0,,TRUE,,,0,151
FALSE,,,,,,,,,,,,0,,,,FALSE,FALSE,0,0,0,0,0,0,0,0,0,0,0,0,0,,TRUE,,,0,152
FALSE,,,,,,,,,,,,0,,,,FALSE,FALSE,0,0,0,0,0,0,0,0,0,0,0,0,0,,TRUE,,,0,153
FALSE,,,,,,,,,,,,0,,,,FALSE,FALSE,0,0,0,0,0,0,0,0,0,0,0,0,0,,TRUE,,,0,154
FALSE,,,,,,,,,,,,0,,,,FALSE,FALSE,0,0,0,0,0,0,0,0,0,0,0,0,0,,TRUE,,,0,155
FALSE,,,,,,,,,,,,0,,,,FALSE,FALSE,0,0,0,0,0,0,0,0,0,0,0,0,0,,TRUE,,,0,156
FALSE,,,,,,,,,,,,0,,,,FALSE,FALSE,0,0,0,0,0,0,0,0,0,0,0,0,0,,TRUE,,,0,157
FALSE,,,,,,,,,,,,0,,,,FALSE,FALSE,0,0,0,0,0,0,0,0,0,0,0,0,0,,TRUE,,,0,158
FALSE,,,,,,,,,,,,0,,,,FALSE,FALSE,0,0,0,0,0,0,0,0,0,0,0,0,0,,TRUE,,,0,159
FALSE,,,,,,,,,,,,0,,,,FALSE,FALSE,0,0,0,0,0,0,0,0,0,0,0,0,0,,TRUE,,,0,160
FALSE,,,,,,,,,,,,0,,,,FALSE,FALSE,0,0,0,0,0,0,0,0,0,0,0,0,0,,TRUE,,,0,161
FALSE,,,,,,,,,,,,0,,,,FALSE,FALSE,0,0,0,0,0,0,0,0,0,0,0,0,0,,TRUE,,,0,162
FALSE,,,,,,,,,,,,0,,,,FALSE,FALSE,0,0,0,0,0,0,0,0,0,0,0,0,0,,TRUE,,,0,163
FALSE,,,,,,,,,,,,0,,,,FALSE,FALSE,0,0,0,0,0,0,0,0,0,0,0,0,0,,TRUE,,,0,164
FALSE,,,,,,,,,,,,0,,,,FALSE,FALSE,0,0,0,0,0,0,0,0,0,0,0,0,0,,TRUE,,,0,165
FALSE,,,,,,,,,,,,0,,,,FALSE,FALSE,0,0,0,0,0,0,0,0,0,0,0,0,0,,TRUE,,,0,166
FALSE,,,,,,,,,,,,0,,,,FALSE,FALSE,0,0,0,0,0,0,0,0,0,0,0,0,0,,TRUE,,,0,167
FALSE,,,,,,,,,,,,0,,,,FALSE,FALSE,0,0,0,0,0,0,0,0,0,0,0,0,0,,TRUE,,,0,168
FALSE,,,,,,,,,,,,0,,,,FALSE,FALSE,0,0,0,0,0,0,0,0,0,0,0,0,0,,TRUE,,,0,169
FALSE,,,,,,,,,,,,0,,,,FALSE,FALSE,0,0,0,0,0,0,0,0,0,0,0,0,0,,TRUE,,,0,170
FALSE,,,,,,,,,,,,0,,,,FALSE,FALSE,0,0,0,0,0,0,0,0,0,0,0,0,0,,TRUE,,,0,171
FALSE,,,,,,,,,,,,0,,,,FALSE,FALSE,0,0,0,0,0,0,0,0,0,0,0,0,0,,TRUE,,,0,172
FALSE,,,,,,,,,,,,0,,,,FALSE,FALSE,0,0,0,0,0,0,0,0,0,0,0,0,0,,TRUE,,,0,173
FALSE,,,,,,,,,,,,0,,,,FALSE,FALSE,0,0,0,0,0,0,0,0,0,0,0,0,0,,TRUE,,,0,174
FALSE,,,,,,,,,,,,0,,,,FALSE,FALSE,0,0,0,0,0,0,0,0,0,0,0,0,0,,TRUE,,,0,175
FALSE,,,,,,,,,,,,0,,,,FALSE,FALSE,0,0,0,0,0,0,0,0,0,0,0,0,0,,TRUE,,,0,176
FALSE,,,,,,,,,,,,0,,,,FALSE,FALSE,0,0,0,0,0,0,0,0,0,0,0,0,0,,TRUE,,,0,177
FALSE,,,,,,,,,,,,0,,,,FALSE,FALSE,0,0,0,0,0,0,0,0,0,0,0,0,0,,TRUE,,,0,178
FALSE,,,,,,,,,,,,0,,,,FALSE,FALSE,0,0,0,0,0,0,0,0,0,0,0,0,0,,TRUE,,,0,179
FALSE,,,,,,,,,,,,0,,,,FALSE,FALSE,0,0,0,0,0,0,0,0,0,0,0,0,0,,TRUE,,,0,180
FALSE,,,,,,,,,,,,0,,,,FALSE,FALSE,0,0,0,0,0,0,0,0,0,0,0,0,0,,TRUE,,,0,181
FALSE,,,,,,,,,,,,0,,,,FALSE,FALSE,0,0,0,0,0,0,0,0,0,0,0,0,0,,TRUE,,,0,182
FALSE,,,,,,,,,,,,0,,,,FALSE,FALSE,0,0,0,0,0,0,0,0,0,0,0,0,0,,TRUE,,,0,183
FALSE,,,,,,,,,,,,0,,,,FALSE,FALSE,0,0,0,0,0,0,0,0,0,0,0,0,0,,TRUE,,,0,184
FALSE,,,,,,,,,,,,0,,,,FALSE,FALSE,0,0,0,0,0,0,0,0,0,0,0,0,0,,TRUE,,,0,185
FALSE,,,,,,,,,,,,0,,,,FALSE,FALSE,0,0,0,0,0,0,0,0,0,0,0,0,0,,TRUE,,,0,186
FALSE,,,,,,,,,,,,0,,,,FALSE,FALSE,0,0,0,0,0,0,0,0,0,0,0,0,0,,TRUE,,,0,187
FALSE,,,,,,,,,,,,0,,,,FALSE,FALSE,0,0,0,0,0,0,0,0,0,0,0,0,0,,TRUE,,,0,188
FALSE,,,,,,,,,,,,0,,,,FALSE,FALSE,0,0,0,0,0,0,0,0,0,0,0,0,0,,TRUE,,,0,189
FALSE,,,,,,,,,,,,0,,,,FALSE,FALSE,0,0,0,0,0,0,0,0,0,0,0,0,0,,TRUE,,,0,190
FALSE,,,,,,,,,,,,0,,,,FALSE,FALSE,0,0,0,0,0,0,0,0,0,0,0,0,0,,TRUE,,,0,191
FALSE,,,,,,,,,,,,0,,,,FALSE,FALSE,0,0,0,0,0,0,0,0,0,0,0,0,0,,TRUE,,,0,192
FALSE,,,,,,,,,,,,0,,,,FALSE,FALSE,0,0,0,0,0,0,0,0,0,0,0,0,0,,TRUE,,,0,193
FALSE,,,,,,,,,,,,0,,,,FALSE,FALSE,0,0,0,0,0,0,0,0,0,0,0,0,0,,TRUE,,,0,194
FALSE,,,,,,,,,,,,0,,,,FALSE,FALSE,0,0,0,0,0,0,0,0,0,0,0,0,0,,TRUE,,,0,195
FALSE,,,,,,,,,,,,0,,,,FALSE,FALSE,0,0,0,0,0,0,0,0,0,0,0,0,0,,TRUE,,,0,196
FALSE,,,,,,,,,,,,0,,,,FALSE,FALSE,0,0,0,0,0,0,0,0,0,0,0,0,0,,TRUE,,,0,197
FALSE,,,,,,,,,,,,0,,,,FALSE,FALSE,0,0,0,0,0,0,0,0,0,0,0,0,0,,TRUE,,,0,198
FALSE,,,,,,,,,,,,0,,,,FALSE,FALSE,0,0,0,0,0,0,0,0,0,0,0,0,0,,TRUE,,,0,199
FALSE,,,,,,,,,,,,0,,,,FALSE,FALSE,0,0,0,0,0,0,0,0,0,0,0,0,0,,TRUE,,,0,200
FALSE,,,,,,,,,,,,0,,,,FALSE,FALSE,0,0,0,0,0,0,0,0,0,0,0,0,0,,TRUE,,,0,201
FALSE,,,,,,,,,,,,0,,,,FALSE,FALSE,0,0,0,0,0,0,0,0,0,0,0,0,0,,TRUE,,,0,202
FALSE,,,,,,,,,,,,0,,,,FALSE,FALSE,0,0,0,0,0,0,0,0,0,0,0,0,0,,TRUE,,,0,203
FALSE,,,,,,,,,,,,0,,,,FALSE,FALSE,0,0,0,0,0,0,0,0,0,0,0,0,0,,TRUE,,,0,204
FALSE,,,,,,,,,,,,0,,,,FALSE,FALSE,0,0,0,0,0,0,0,0,0,0,0,0,0,,TRUE,,,0,205
FALSE,,,,,,,,,,,,0,,,,FALSE,FALSE,0,0,0,0,0,0,0,0,0,0,0,0,0,,TRUE,,,0,206
FALSE,,,,,,,,,,,,0,,,,FALSE,FALSE,0,0,0,0,0,0,0,0,0,0,0,0,0,,TRUE,,,0,207
FALSE,,,,,,,,,,,,0,,,,FALSE,FALSE,0,0,0,0,0,0,0,0,0,0,0,0,0,,TRUE,,,0,208
FALSE,,,,,,,,,,,,0,,,,FALSE,FALSE,0,0,0,0,0,0,0,0,0,0,0,0,0,,TRUE,,,0,209
FALSE,,,,,,,,,,,,0,,,,FALSE,FALSE,0,0,0,0,0,0,0,0,0,0,0,0,0,,TRUE,,,0,210
FALSE,,,,,,,,,,,,0,,,,FALSE,FALSE,0,0,0,0,0,0,0,0,0,0,0,0,0,,TRUE,,,0,211
FALSE,,,,,,,,,,,,0,,,,FALSE,FALSE,0,0,0,0,0,0,0,0,0,0,0,0,0,,TRUE,,,0,212
FALSE,,,,,,,,,,,,0,,,,FALSE,FALSE,0,0,0,0,0,0,0,0,0,0,0,0,0,,TRUE,,,0,213
FALSE,,,,,,,,,,,,0,,,,FALSE,FALSE,0,0,0,0,0,0,0,0,0,0,0,0,0,,TRUE,,,0,214
FALSE,,,,,,,,,,,,0,,,,FALSE,FALSE,0,0,0,0,0,0,0,0,0,0,0,0,0,,TRUE,,,0,215
FALSE,,,,,,,,,,,,0,,,,FALSE,FALSE,0,0,0,0,0,0,0,0,0,0,0,0,0,,TRUE,,,0,216
FALSE,,,,,,,,,,,,0,,,,FALSE,FALSE,0,0,0,0,0,0,0,0,0,0,0,0,0,,TRUE,,,0,217
FALSE,,,,,,,,,,,,0,,,,FALSE,FALSE,0,0,0,0,0,0,0,0,0,0,0,0,0,,TRUE,,,0,218
FALSE,,,,,,,,,,,,0,,,,FALSE,FALSE,0,0,0,0,0,0,0,0,0,0,0,0,0,,TRUE,,,0,219
FALSE,,,,,,,,,,,,0,,,,FALSE,FALSE,0,0,0,0,0,0,0,0,0,0,0,0,0,,TRUE,,,0,220
FALSE,,,,,,,,,,,,0,,,,FALSE,FALSE,0,0,0,0,0,0,0,0,0,0,0,0,0,,TRUE,,,0,221
FALSE,,,,,,,,,,,,0,,,,FALSE,FALSE,0,0,0,0,0,0,0,0,0,0,0,0,0,,TRUE,,,0,222
FALSE,,,,,,,,,,,,0,,,,FALSE,FALSE,0,0,0,0,0,0,0,0,0,0,0,0,0,,TRUE,,,0,223
FALSE,,,,,,,,,,,,0,,,,FALSE,FALSE,0,0,0,0,0,0,0,0,0,0,0,0,0,,TRUE,,,0,224
FALSE,,,,,,,,,,,,0,,,,FALSE,FALSE,0,0,0,0,0,0,0,0,0,0,0,0,0,,TRUE,,,0,225
FALSE,,,,,,,,,,,,0,,,,FALSE,FALSE,0,0,0,0,0,0,0,0,0,0,0,0,0,,TRUE,,,0,226
FALSE,,,,,,,,,,,,0,,,,FALSE,FALSE,0,0,0,0,0,0,0,0,0,0,0,0,0,,TRUE,,,0,227
FALSE,,,,,,,,,,,,0,,,,FALSE,FALSE,0,0,0,0,0,0,0,0,0,0,0,0,0,,TRUE,,,0,228
FALSE,,,,,,,,,,,,0,,,,FALSE,FALSE,0,0,0,0,0,0,0,0,0,0,0,0,0,,TRUE,,,0,229
FALSE,,,,,,,,,,,,0,,,,FALSE,FALSE,0,0,0,0,0,0,0,0,0,0,0,0,0,,TRUE,,,0,230
FALSE,,,,,,,,,,,,0,,,,FALSE,FALSE,0,0,0,0,0,0,0,0,0,0,0,0,0,,TRUE,,,0,231
FALSE,,,,,,,,,,,,0,,,,FALSE,FALSE,0,0,0,0,0,0,0,0,0,0,0,0,0,,TRUE,,,0,232
FALSE,,,,,,,,,,,,0,,,,FALSE,FALSE,0,0,0,0,0,0,0,0,0,0,0,0,0,,TRUE,,,0,233
FALSE,,,,,,,,,,,,0,,,,FALSE,FALSE,0,0,0,0,0,0,0,0,0,0,0,0,0,,TRUE,,,0,234
FALSE,,,,,,,,,,,,0,,,,FALSE,FALSE,0,0,0,0,0,0,0,0,0,0,0,0,0,,TRUE,,,0,235
FALSE,,,,,,,,,,,,0,,,,FALSE,FALSE,0,0,0,0,0,0,0,0,0,0,0,0,0,,TRUE,,,0,236
FALSE,,,,,,,,,,,,0,,,,FALSE,FALSE,0,0,0,0,0,0,0,0,0,0,0,0,0,,TRUE,,,0,237
FALSE,,,,,,,,,,,,0,,,,FALSE,FALSE,0,0,0,0,0,0,0,0,0,0,0,0,0,,TRUE,,,0,238
FALSE,,,,,,,,,,,,0,,,,FALSE,FALSE,0,0,0,0,0,0,0,0,0,0,0,0,0,,TRUE,,,0,239
FALSE,,,,,,,,,,,,0,,,,FALSE,FALSE,0,0,0,0,0,0,0,0,0,0,0,0,0,,TRUE,,,0,240
FALSE,,,,,,,,,,,,0,,,,FALSE,FALSE,0,0,0,0,0,0,0,0,0,0,0,0,0,,TRUE,,,0,241
FALSE,,,,,,,,,,,,0,,,,FALSE,FALSE,0,0,0,0,0,0,0,0,0,0,0,0,0,,TRUE,,,0,242
FALSE,,,,,,,,,,,,0,,,,FALSE,FALSE,0,0,0,0,0,0,0,0,0,0,0,0,0,,TRUE,,,0,243
FALSE,,,,,,,,,,,,0,,,,FALSE,FALSE,0,0,0,0,0,0,0,0,0,0,0,0,0,,TRUE,,,0,244
FALSE,,,,,,,,,,,,0,,,,FALSE,FALSE,0,0,0,0,0,0,0,0,0,0,0,0,0,,TRUE,,,0,245
FALSE,,,,,,,,,,,,0,,,,FALSE,FALSE,0,0,0,0,0,0,0,0,0,0,0,0,0,,TRUE,,,0,246
FALSE,,,,,,,,,,,,0,,,,FALSE,FALSE,0,0,0,0,0,0,0,0,0,0,0,0,0,,TRUE,,,0,247
FALSE,,,,,,,,,,,,0,,,,FALSE,FALSE,0,0,0,0,0,0,0,0,0,0,0,0,0,,TRUE,,,0,248
FALSE,,,,,,,,,,,,0,,,,FALSE,FALSE,0,0,0,0,0,0,0,0,0,0,0,0,0,,TRUE,,,0,249
FALSE,,,,,,,,,,,,0,,,,FALSE,FALSE,0,0,0,0,0,0,0,0,0,0,0,0,0,,TRUE,,,0,250
FALSE,,,,,,,,,,,,0,,,,FALSE,FALSE,0,0,0,0,0,0,0,0,0,0,0,0,0,,TRUE,,,0,251
FALSE,,,,,,,,,,,,0,,,,FALSE,FALSE,0,0,0,0,0,0,0,0,0,0,0,0,0,,TRUE,,,0,252
FALSE,,,,,,,,,,,,0,,,,FALSE,FALSE,0,0,0,0,0,0,0,0,0,0,0,0,0,,TRUE,,,0,253
FALSE,,,,,,,,,,,,0,,,,FALSE,FALSE,0,0,0,0,0,0,0,0,0,0,0,0,0,,TRUE,,,0,254
FALSE,,,,,,,,,,,,0,,,,FALSE,FALSE,0,0,0,0,0,0,0,0,0,0,0,0,0,,TRUE,,,0,255
FALSE,,,,,,,,,,,,0,,,,FALSE,FALSE,0,0,0,0,0,0,0,0,0,0,0,0,0,,TRUE,,,0,256
FALSE,,,,,,,,,,,,0,,,,FALSE,FALSE,0,0,0,0,0,0,0,0,0,0,0,0,0,,TRUE,,,0,257
FALSE,,,,,,,,,,,,0,,,,FALSE,FALSE,0,0,0,0,0,0,0,0,0,0,0,0,0,,TRUE,,,0,258
FALSE,,,,,,,,,,,,0,,,,FALSE,FALSE,0,0,0,0,0,0,0,0,0,0,0,0,0,,TRUE,,,0,259
FALSE,,,,,,,,,,,,0,,,,FALSE,FALSE,0,0,0,0,0,0,0,0,0,0,0,0,0,,TRUE,,,0,260
FALSE,,,,,,,,,,,,0,,,,FALSE,FALSE,0,0,0,0,0,0,0,0,0,0,0,0,0,,TRUE,,,0,261
FALSE,,,,,,,,,,,,0,,,,FALSE,FALSE,0,0,0,0,0,0,0,0,0,0,0,0,0,,TRUE,,,0,262
FALSE,,,,,,,,,,,,0,,,,FALSE,FALSE,0,0,0,0,0,0,0,0,0,0,0,0,0,,TRUE,,,0,263
FALSE,,,,,,,,,,,,0,,,,FALSE,FALSE,0,0,0,0,0,0,0,0,0,0,0,0,0,,TRUE,,,0,264
FALSE,,,,,,,,,,,,0,,,,FALSE,FALSE,0,0,0,0,0,0,0,0,0,0,0,0,0,,TRUE,,,0,265
FALSE,,,,,,,,,,,,0,,,,FALSE,FALSE,0,0,0,0,0,0,0,0,0,0,0,0,0,,TRUE,,,0,266
FALSE,,,,,,,,,,,,0,,,,FALSE,FALSE,0,0,0,0,0,0,0,0,0,0,0,0,0,,TRUE,,,0,267
FALSE,,,,,,,,,,,,0,,,,FALSE,FALSE,0,0,0,0,0,0,0,0,0,0,0,0,0,,TRUE,,,0,268
FALSE,,,,,,,,,,,,0,,,,FALSE,FALSE,0,0,0,0,0,0,0,0,0,0,0,0,0,,TRUE,,,0,269
FALSE,,,,,,,,,,,,0,,,,FALSE,FALSE,0,0,0,0,0,0,0,0,0,0,0,0,0,,TRUE,,,0,270
FALSE,,,,,,,,,,,,0,,,,FALSE,FALSE,0,0,0,0,0,0,0,0,0,0,0,0,0,,TRUE,,,0,271
FALSE,,,,,,,,,,,,0,,,,FALSE,FALSE,0,0,0,0,0,0,0,0,0,0,0,0,0,,TRUE,,,0,272
FALSE,,,,,,,,,,,,0,,,,FALSE,FALSE,0,0,0,0,0,0,0,0,0,0,0,0,0,,TRUE,,,0,273
FALSE,,,,,,,,,,,,0,,,,FALSE,FALSE,0,0,0,0,0,0,0,0,0,0,0,0,0,,TRUE,,,0,274
FALSE,,,,,,,,,,,,0,,,,FALSE,FALSE,0,0,0,0,0,0,0,0,0,0,0,0,0,,TRUE,,,0,275
FALSE,,,,,,,,,,,,0,,,,FALSE,FALSE,0,0,0,0,0,0,0,0,0,0,0,0,0,,TRUE,,,0,276
FALSE,,,,,,,,,,,,0,,,,FALSE,FALSE,0,0,0,0,0,0,0,0,0,0,0,0,0,,TRUE,,,0,277
FALSE,,,,,,,,,,,,0,,,,FALSE,FALSE,0,0,0,0,0,0,0,0,0,0,0,0,0,,TRUE,,,0,278
FALSE,,,,,,,,,,,,0,,,,FALSE,FALSE,0,0,0,0,0,0,0,0,0,0,0,0,0,,TRUE,,,0,279
FALSE,,,,,,,,,,,,0,,,,FALSE,FALSE,0,0,0,0,0,0,0,0,0,0,0,0,0,,TRUE,,,0,280
FALSE,,,,,,,,,,,,0,,,,FALSE,FALSE,0,0,0,0,0,0,0,0,0,0,0,0,0,,TRUE,,,0,281
FALSE,,,,,,,,,,,,0,,,,FALSE,FALSE,0,0,0,0,0,0,0,0,0,0,0,0,0,,TRUE,,,0,282
FALSE,,,,,,,,,,,,0,,,,FALSE,FALSE,0,0,0,0,0,0,0,0,0,0,0,0,0,,TRUE,,,0,283
FALSE,,,,,,,,,,,,0,,,,FALSE,FALSE,0,0,0,0,0,0,0,0,0,0,0,0,0,,TRUE,,,0,284
FALSE,,,,,,,,,,,,0,,,,FALSE,FALSE,0,0,0,0,0,0,0,0,0,0,0,0,0,,TRUE,,,0,285
FALSE,,,,,,,,,,,,0,,,,FALSE,FALSE,0,0,0,0,0,0,0,0,0,0,0,0,0,,TRUE,,,0,286
FALSE,,,,,,,,,,,,0,,,,FALSE,FALSE,0,0,0,0,0,0,0,0,0,0,0,0,0,,TRUE,,,0,287
FALSE,,,,,,,,,,,,0,,,,FALSE,FALSE,0,0,0,0,0,0,0,0,0,0,0,0,0,,TRUE,,,0,288
FALSE,,,,,,,,,,,,0,,,,FALSE,FALSE,0,0,0,0,0,0,0,0,0,0,0,0,0,,TRUE,,,0,289
FALSE,,,,,,,,,,,,0,,,,FALSE,FALSE,0,0,0,0,0,0,0,0,0,0,0,0,0,,TRUE,,,0,290
FALSE,,,,,,,,,,,,0,,,,FALSE,FALSE,0,0,0,0,0,0,0,0,0,0,0,0,0,,TRUE,,,0,291
FALSE,,,,,,,,,,,,0,,,,FALSE,FALSE,0,0,0,0,0,0,0,0,0,0,0,0,0,,TRUE,,,0,292
FALSE,,,,,,,,,,,,0,,,,FALSE,FALSE,0,0,0,0,0,0,0,0,0,0,0,0,0,,TRUE,,,0,293
FALSE,,,,,,,,,,,,0,,,,FALSE,FALSE,0,0,0,0,0,0,0,0,0,0,0,0,0,,TRUE,,,0,294
FALSE,,,,,,,,,,,,0,,,,FALSE,FALSE,0,0,0,0,0,0,0,0,0,0,0,0,0,,TRUE,,,0,295
FALSE,,,,,,,,,,,,0,,,,FALSE,FALSE,0,0,0,0,0,0,0,0,0,0,0,0,0,,TRUE,,,0,296
FALSE,,,,,,,,,,,,0,,,,FALSE,FALSE,0,0,0,0,0,0,0,0,0,0,0,0,0,,TRUE,,,0,297
FALSE,,,,,,,,,,,,0,,,,FALSE,FALSE,0,0,0,0,0,0,0,0,0,0,0,0,0,,TRUE,,,0,298
FALSE,,,,,,,,,,,,0,,,,FALSE,FALSE,0,0,0,0,0,0,0,0,0,0,0,0,0,,TRUE,,,0,299
FALSE,,,,,,,,,,,,0,,,,FALSE,FALSE,0,0,0,0,0,0,0,0,0,0,0,0,0,,TRUE,,,0,300
FALSE,,,,,,,,,,,,0,,,,FALSE,FALSE,0,0,0,0,0,0,0,0,0,0,0,0,0,,TRUE,,,0,301
FALSE,,,,,,,,,,,,0,,,,FALSE,FALSE,0,0,0,0,0,0,0,0,0,0,0,0,0,,TRUE,,,0,302
FALSE,,,,,,,,,,,,0,,,,FALSE,FALSE,0,0,0,0,0,0,0,0,0,0,0,0,0,,TRUE,,,0,303
FALSE,,,,,,,,,,,,0,,,,FALSE,FALSE,0,0,0,0,0,0,0,0,0,0,0,0,0,,TRUE,,,0,304
FALSE,,,,,,,,,,,,0,,,,FALSE,FALSE,0,0,0,0,0,0,0,0,0,0,0,0,0,,TRUE,,,0,305
FALSE,,,,,,,,,,,,0,,,,FALSE,FALSE,0,0,0,0,0,0,0,0,0,0,0,0,0,,TRUE,,,0,306
FALSE,,,,,,,,,,,,0,,,,FALSE,FALSE,0,0,0,0,0,0,0,0,0,0,0,0,0,,TRUE,,,0,307
FALSE,,,,,,,,,,,,0,,,,FALSE,FALSE,0,0,0,0,0,0,0,0,0,0,0,0,0,,TRUE,,,0,308
FALSE,,,,,,,,,,,,0,,,,FALSE,FALSE,0,0,0,0,0,0,0,0,0,0,0,0,0,,TRUE,,,0,309
FALSE,,,,,,,,,,,,0,,,,FALSE,FALSE,0,0,0,0,0,0,0,0,0,0,0,0,0,,TRUE,,,0,310
FALSE,,,,,,,,,,,,0,,,,FALSE,FALSE,0,0,0,0,0,0,0,0,0,0,0,0,0,,TRUE,,,0,311
FALSE,,,,,,,,,,,,0,,,,FALSE,FALSE,0,0,0,0,0,0,0,0,0,0,0,0,0,,TRUE,,,0,312
FALSE,,,,,,,,,,,,0,,,,FALSE,FALSE,0,0,0,0,0,0,0,0,0,0,0,0,0,,TRUE,,,0,313
FALSE,,,,,,,,,,,,0,,,,FALSE,FALSE,0,0,0,0,0,0,0,0,0,0,0,0,0,,TRUE,,,0,314
FALSE,,,,,,,,,,,,0,,,,FALSE,FALSE,0,0,0,0,0,0,0,0,0,0,0,0,0,,TRUE,,,0,315
FALSE,,,,,,,,,,,,0,,,,FALSE,FALSE,0,0,0,0,0,0,0,0,0,0,0,0,0,,TRUE,,,0,316
FALSE,,,,,,,,,,,,0,,,,FALSE,FALSE,0,0,0,0,0,0,0,0,0,0,0,0,0,,TRUE,,,0,317
FALSE,,,,,,,,,,,,0,,,,FALSE,FALSE,0,0,0,0,0,0,0,0,0,0,0,0,0,,TRUE,,,0,318
FALSE,,,,,,,,,,,,0,,,,FALSE,FALSE,0,0,0,0,0,0,0,0,0,0,0,0,0,,TRUE,,,0,319
FALSE,,,,,,,,,,,,0,,,,FALSE,FALSE,0,0,0,0,0,0,0,0,0,0,0,0,0,,TRUE,,,0,320
FALSE,,,,,,,,,,,,0,,,,FALSE,FALSE,0,0,0,0,0,0,0,0,0,0,0,0,0,,TRUE,,,0,321
FALSE,,,,,,,,,,,,0,,,,FALSE,FALSE,0,0,0,0,0,0,0,0,0,0,0,0,0,,TRUE,,,0,322
FALSE,,,,,,,,,,,,0,,,,FALSE,FALSE,0,0,0,0,0,0,0,0,0,0,0,0,0,,TRUE,,,0,323
FALSE,,,,,,,,,,,,0,,,,FALSE,FALSE,0,0,0,0,0,0,0,0,0,0,0,0,0,,TRUE,,,0,324
FALSE,,,,,,,,,,,,0,,,,FALSE,FALSE,0,0,0,0,0,0,0,0,0,0,0,0,0,,TRUE,,,0,325
FALSE,,,,,,,,,,,,0,,,,FALSE,FALSE,0,0,0,0,0,0,0,0,0,0,0,0,0,,TRUE,,,0,326
FALSE,,,,,,,,,,,,0,,,,FALSE,FALSE,0,0,0,0,0,0,0,0,0,0,0,0,0,,TRUE,,,0,327
FALSE,,,,,,,,,,,,0,,,,FALSE,FALSE,0,0,0,0,0,0,0,0,0,0,0,0,0,,TRUE,,,0,328
FALSE,,,,,,,,,,,,0,,,,FALSE,FALSE,0,0,0,0,0,0,0,0,0,0,0,0,0,,TRUE,,,0,329
FALSE,,,,,,,,,,,,0,,,,FALSE,FALSE,0,0,0,0,0,0,0,0,0,0,0,0,0,,TRUE,,,0,330
FALSE,,,,,,,,,,,,0,,,,FALSE,FALSE,0,0,0,0,0,0,0,0,0,0,0,0,0,,TRUE,,,0,331
FALSE,,,,,,,,,,,,0,,,,FALSE,FALSE,0,0,0,0,0,0,0,0,0,0,0,0,0,,TRUE,,,0,332
FALSE,,,,,,,,,,,,0,,,,FALSE,FALSE,0,0,0,0,0,0,0,0,0,0,0,0,0,,TRUE,,,0,333
FALSE,,,,,,,,,,,,0,,,,FALSE,FALSE,0,0,0,0,0,0,0,0,0,0,0,0,0,,TRUE,,,0,334
FALSE,,,,,,,,,,,,0,,,,FALSE,FALSE,0,0,0,0,0,0,0,0,0,0,0,0,0,,TRUE,,,0,335
FALSE,,,,,,,,,,,,0,,,,FALSE,FALSE,0,0,0,0,0,0,0,0,0,0,0,0,0,,TRUE,,,0,336
FALSE,,,,,,,,,,,,0,,,,FALSE,FALSE,0,0,0,0,0,0,0,0,0,0,0,0,0,,TRUE,,,0,337
FALSE,,,,,,,,,,,,0,,,,FALSE,FALSE,0,0,0,0,0,0,0,0,0,0,0,0,0,,TRUE,,,0,338
FALSE,,,,,,,,,,,,0,,,,FALSE,FALSE,0,0,0,0,0,0,0,0,0,0,0,0,0,,TRUE,,,0,339
FALSE,,,,,,,,,,,,0,,,,FALSE,FALSE,0,0,0,0,0,0,0,0,0,0,0,0,0,,TRUE,,,0,340
FALSE,,,,,,,,,,,,0,,,,FALSE,FALSE,0,0,0,0,0,0,0,0,0,0,0,0,0,,TRUE,,,0,341
FALSE,,,,,,,,,,,,0,,,,FALSE,FALSE,0,0,0,0,0,0,0,0,0,0,0,0,0,,TRUE,,,0,342
FALSE,,,,,,,,,,,,0,,,,FALSE,FALSE,0,0,0,0,0,0,0,0,0,0,0,0,0,,TRUE,,,0,343
FALSE,,,,,,,,,,,,0,,,,FALSE,FALSE,0,0,0,0,0,0,0,0,0,0,0,0,0,,TRUE,,,0,344
FALSE,,,,,,,,,,,,0,,,,FALSE,FALSE,0,0,0,0,0,0,0,0,0,0,0,0,0,,TRUE,,,0,345
FALSE,,,,,,,,,,,,0,,,,FALSE,FALSE,0,0,0,0,0,0,0,0,0,0,0,0,0,,TRUE,,,0,346
FALSE,,,,,,,,,,,,0,,,,FALSE,FALSE,0,0,0,0,0,0,0,0,0,0,0,0,0,,TRUE,,,0,347
FALSE,,,,,,,,,,,,0,,,,FALSE,FALSE,0,0,0,0,0,0,0,0,0,0,0,0,0,,TRUE,,,0,348
FALSE,,,,,,,,,,,,0,,,,FALSE,FALSE,0,0,0,0,0,0,0,0,0,0,0,0,0,,TRUE,,,0,349
FALSE,,,,,,,,,,,,0,,,,FALSE,FALSE,0,0,0,0,0,0,0,0,0,0,0,0,0,,TRUE,,,0,350
FALSE,,,,,,,,,,,,0,,,,FALSE,FALSE,0,0,0,0,0,0,0,0,0,0,0,0,0,,TRUE,,,0,351
FALSE,,,,,,,,,,,,0,,,,FALSE,FALSE,0,0,0,0,0,0,0,0,0,0,0,0,0,,TRUE,,,0,352
FALSE,,,,,,,,,,,,0,,,,FALSE,FALSE,0,0,0,0,0,0,0,0,0,0,0,0,0,,TRUE,,,0,353
FALSE,,,,,,,,,,,,0,,,,FALSE,FALSE,0,0,0,0,0,0,0,0,0,0,0,0,0,,TRUE,,,0,354
FALSE,,,,,,,,,,,,0,,,,FALSE,FALSE,0,0,0,0,0,0,0,0,0,0,0,0,0,,TRUE,,,0,355
FALSE,,,,,,,,,,,,0,,,,FALSE,FALSE,0,0,0,0,0,0,0,0,0,0,0,0,0,,TRUE,,,0,356
FALSE,,,,,,,,,,,,0,,,,FALSE,FALSE,0,0,0,0,0,0,0,0,0,0,0,0,0,,TRUE,,,0,357
FALSE,,,,,,,,,,,,0,,,,FALSE,FALSE,0,0,0,0,0,0,0,0,0,0,0,0,0,,TRUE,,,0,358
FALSE,,,,,,,,,,,,0,,,,FALSE,FALSE,0,0,0,0,0,0,0,0,0,0,0,0,0,,TRUE,,,0,359
FALSE,,,,,,,,,,,,0,,,,FALSE,FALSE,0,0,0,0,0,0,0,0,0,0,0,0,0,,TRUE,,,0,360
FALSE,,,,,,,,,,,,0,,,,FALSE,FALSE,0,0,0,0,0,0,0,0,0,0,0,0,0,,TRUE,,,0,361
FALSE,,,,,,,,,,,,0,,,,FALSE,FALSE,0,0,0,0,0,0,0,0,0,0,0,0,0,,TRUE,,,0,362
FALSE,,,,,,,,,,,,0,,,,FALSE,FALSE,0,0,0,0,0,0,0,0,0,0,0,0,0,,TRUE,,,0,363
FALSE,,,,,,,,,,,,0,,,,FALSE,FALSE,0,0,0,0,0,0,0,0,0,0,0,0,0,,TRUE,,,0,364
FALSE,,,,,,,,,,,,0,,,,FALSE,FALSE,0,0,0,0,0,0,0,0,0,0,0,0,0,,TRUE,,,0,365
FALSE,,,,,,,,,,,,0,,,,FALSE,FALSE,0,0,0,0,0,0,0,0,0,0,0,0,0,,TRUE,,,0,366
FALSE,,,,,,,,,,,,0,,,,FALSE,FALSE,0,0,0,0,0,0,0,0,0,0,0,0,0,,TRUE,,,0,367
FALSE,,,,,,,,,,,,0,,,,FALSE,FALSE,0,0,0,0,0,0,0,0,0,0,0,0,0,,TRUE,,,0,368
FALSE,,,,,,,,,,,,0,,,,FALSE,FALSE,0,0,0,0,0,0,0,0,0,0,0,0,0,,TRUE,,,0,369
FALSE,,,,,,,,,,,,0,,,,FALSE,FALSE,0,0,0,0,0,0,0,0,0,0,0,0,0,,TRUE,,,0,370
FALSE,,,,,,,,,,,,0,,,,FALSE,FALSE,0,0,0,0,0,0,0,0,0,0,0,0,0,,TRUE,,,0,371
FALSE,,,,,,,,,,,,0,,,,FALSE,FALSE,0,0,0,0,0,0,0,0,0,0,0,0,0,,TRUE,,,0,372
FALSE,,,,,,,,,,,,0,,,,FALSE,FALSE,0,0,0,0,0,0,0,0,0,0,0,0,0,,TRUE,,,0,373
FALSE,,,,,,,,,,,,0,,,,FALSE,FALSE,0,0,0,0,0,0,0,0,0,0,0,0,0,,TRUE,,,0,374
FALSE,,,,,,,,,,,,0,,,,FALSE,FALSE,0,0,0,0,0,0,0,0,0,0,0,0,0,,TRUE,,,0,375
FALSE,,,,,,,,,,,,0,,,,FALSE,FALSE,0,0,0,0,0,0,0,0,0,0,0,0,0,,TRUE,,,0,376
FALSE,,,,,,,,,,,,0,,,,FALSE,FALSE,0,0,0,0,0,0,0,0,0,0,0,0,0,,TRUE,,,0,377
FALSE,,,,,,,,,,,,0,,,,FALSE,FALSE,0,0,0,0,0,0,0,0,0,0,0,0,0,,TRUE,,,0,378
FALSE,,,,,,,,,,,,0,,,,FALSE,FALSE,0,0,0,0,0,0,0,0,0,0,0,0,0,,TRUE,,,0,379
FALSE,,,,,,,,,,,,0,,,,FALSE,FALSE,0,0,0,0,0,0,0,0,0,0,0,0,0,,TRUE,,,0,380
FALSE,,,,,,,,,,,,0,,,,FALSE,FALSE,0,0,0,0,0,0,0,0,0,0,0,0,0,,TRUE,,,0,381
FALSE,,,,,,,,,,,,0,,,,FALSE,FALSE,0,0,0,0,0,0,0,0,0,0,0,0,0,,TRUE,,,0,382
FALSE,,,,,,,,,,,,0,,,,FALSE,FALSE,0,0,0,0,0,0,0,0,0,0,0,0,0,,TRUE,,,0,383
FALSE,,,,,,,,,,,,0,,,,FALSE,FALSE,0,0,0,0,0,0,0,0,0,0,0,0,0,,TRUE,,,0,384
FALSE,,,,,,,,,,,,0,,,,FALSE,FALSE,0,0,0,0,0,0,0,0,0,0,0,0,0,,TRUE,,,0,385
FALSE,,,,,,,,,,,,0,,,,FALSE,FALSE,0,0,0,0,0,0,0,0,0,0,0,0,0,,TRUE,,,0,386
FALSE,,,,,,,,,,,,0,,,,FALSE,FALSE,0,0,0,0,0,0,0,0,0,0,0,0,0,,TRUE,,,0,387
FALSE,,,,,,,,,,,,0,,,,FALSE,FALSE,0,0,0,0,0,0,0,0,0,0,0,0,0,,TRUE,,,0,388
FALSE,,,,,,,,,,,,0,,,,FALSE,FALSE,0,0,0,0,0,0,0,0,0,0,0,0,0,,TRUE,,,0,389
FALSE,,,,,,,,,,,,0,,,,FALSE,FALSE,0,0,0,0,0,0,0,0,0,0,0,0,0,,TRUE,,,0,390
FALSE,,,,,,,,,,,,0,,,,FALSE,FALSE,0,0,0,0,0,0,0,0,0,0,0,0,0,,TRUE,,,0,391
FALSE,,,,,,,,,,,,0,,,,FALSE,FALSE,0,0,0,0,0,0,0,0,0,0,0,0,0,,TRUE,,,0,392
FALSE,,,,,,,,,,,,0,,,,FALSE,FALSE,0,0,0,0,0,0,0,0,0,0,0,0,0,,TRUE,,,0,393
FALSE,,,,,,,,,,,,0,,,,FALSE,FALSE,0,0,0,0,0,0,0,0,0,0,0,0,0,,TRUE,,,0,394
FALSE,,,,,,,,,,,,0,,,,FALSE,FALSE,0,0,0,0,0,0,0,0,0,0,0,0,0,,TRUE,,,0,395
FALSE,,,,,,,,,,,,0,,,,FALSE,FALSE,0,0,0,0,0,0,0,0,0,0,0,0,0,,TRUE,,,0,396
FALSE,,,,,,,,,,,,0,,,,FALSE,FALSE,0,0,0,0,0,0,0,0,0,0,0,0,0,,TRUE,,,0,397
FALSE,,,,,,,,,,,,0,,,,FALSE,FALSE,0,0,0,0,0,0,0,0,0,0,0,0,0,,TRUE,,,0,398
FALSE,,,,,,,,,,,,0,,,,FALSE,FALSE,0,0,0,0,0,0,0,0,0,0,0,0,0,,TRUE,,,0,399
FALSE,,,,,,,,,,,,0,,,,FALSE,FALSE,0,0,0,0,0,0,0,0,0,0,0,0,0,,TRUE,,,0,400
FALSE,,,,,,,,,,,,0,,,,FALSE,FALSE,0,0,0,0,0,0,0,0,0,0,0,0,0,,TRUE,,,0,401
FALSE,,,,,,,,,,,,0,,,,FALSE,FALSE,0,0,0,0,0,0,0,0,0,0,0,0,0,,TRUE,,,0,402
FALSE,,,,,,,,,,,,0,,,,FALSE,FALSE,0,0,0,0,0,0,0,0,0,0,0,0,0,,TRUE,,,0,403
FALSE,,,,,,,,,,,,0,,,,FALSE,FALSE,0,0,0,0,0,0,0,0,0,0,0,0,0,,TRUE,,,0,404
FALSE,,,,,,,,,,,,0,,,,FALSE,FALSE,0,0,0,0,0,0,0,0,0,0,0,0,0,,TRUE,,,0,405
FALSE,,,,,,,,,,,,0,,,,FALSE,FALSE,0,0,0,0,0,0,0,0,0,0,0,0,0,,TRUE,,,0,406
FALSE,,,,,,,,,,,,0,,,,FALSE,FALSE,0,0,0,0,0,0,0,0,0,0,0,0,0,,TRUE,,,0,407
FALSE,,,,,,,,,,,,0,,,,FALSE,FALSE,0,0,0,0,0,0,0,0,0,0,0,0,0,,TRUE,,,0,408
FALSE,,,,,,,,,,,,0,,,,FALSE,FALSE,0,0,0,0,0,0,0,0,0,0,0,0,0,,TRUE,,,0,409
FALSE,,,,,,,,,,,,0,,,,FALSE,FALSE,0,0,0,0,0,0,0,0,0,0,0,0,0,,TRUE,,,0,410
FALSE,,,,,,,,,,,,0,,,,FALSE,FALSE,0,0,0,0,0,0,0,0,0,0,0,0,0,,TRUE,,,0,411
FALSE,,,,,,,,,,,,0,,,,FALSE,FALSE,0,0,0,0,0,0,0,0,0,0,0,0,0,,TRUE,,,0,412
FALSE,,,,,,,,,,,,0,,,,FALSE,FALSE,0,0,0,0,0,0,0,0,0,0,0,0,0,,TRUE,,,0,413
FALSE,,,,,,,,,,,,0,,,,FALSE,FALSE,0,0,0,0,0,0,0,0,0,0,0,0,0,,TRUE,,,0,414
FALSE,,,,,,,,,,,,0,,,,FALSE,FALSE,0,0,0,0,0,0,0,0,0,0,0,0,0,,TRUE,,,0,415
FALSE,,,,,,,,,,,,0,,,,FALSE,FALSE,0,0,0,0,0,0,0,0,0,0,0,0,0,,TRUE,,,0,416
FALSE,,,,,,,,,,,,0,,,,FALSE,FALSE,0,0,0,0,0,0,0,0,0,0,0,0,0,,TRUE,,,0,417
FALSE,,,,,,,,,,,,0,,,,FALSE,FALSE,0,0,0,0,0,0,0,0,0,0,0,0,0,,TRUE,,,0,418
FALSE,,,,,,,,,,,,0,,,,FALSE,FALSE,0,0,0,0,0,0,0,0,0,0,0,0,0,,TRUE,,,0,419
FALSE,,,,,,,,,,,,0,,,,FALSE,FALSE,0,0,0,0,0,0,0,0,0,0,0,0,0,,TRUE,,,0,420
FALSE,,,,,,,,,,,,0,,,,FALSE,FALSE,0,0,0,0,0,0,0,0,0,0,0,0,0,,TRUE,,,0,421
FALSE,,,,,,,,,,,,0,,,,FALSE,FALSE,0,0,0,0,0,0,0,0,0,0,0,0,0,,TRUE,,,0,422
FALSE,,,,,,,,,,,,0,,,,FALSE,FALSE,0,0,0,0,0,0,0,0,0,0,0,0,0,,TRUE,,,0,423
FALSE,,,,,,,,,,,,0,,,,FALSE,FALSE,0,0,0,0,0,0,0,0,0,0,0,0,0,,TRUE,,,0,424
FALSE,,,,,,,,,,,,0,,,,FALSE,FALSE,0,0,0,0,0,0,0,0,0,0,0,0,0,,TRUE,,,0,425
FALSE,,,,,,,,,,,,0,,,,FALSE,FALSE,0,0,0,0,0,0,0,0,0,0,0,0,0,,TRUE,,,0,426
FALSE,,,,,,,,,,,,0,,,,FALSE,FALSE,0,0,0,0,0,0,0,0,0,0,0,0,0,,TRUE,,,0,427
FALSE,,,,,,,,,,,,0,,,,FALSE,FALSE,0,0,0,0,0,0,0,0,0,0,0,0,0,,TRUE,,,0,428
FALSE,,,,,,,,,,,,0,,,,FALSE,FALSE,0,0,0,0,0,0,0,0,0,0,0,0,0,,TRUE,,,0,429
FALSE,,,,,,,,,,,,0,,,,FALSE,FALSE,0,0,0,0,0,0,0,0,0,0,0,0,0,,TRUE,,,0,430
FALSE,,,,,,,,,,,,0,,,,FALSE,FALSE,0,0,0,0,0,0,0,0,0,0,0,0,0,,TRUE,,,0,431
FALSE,,,,,,,,,,,,0,,,,FALSE,FALSE,0,0,0,0,0,0,0,0,0,0,0,0,0,,TRUE,,,0,432
FALSE,,,,,,,,,,,,0,,,,FALSE,FALSE,0,0,0,0,0,0,0,0,0,0,0,0,0,,TRUE,,,0,433
FALSE,,,,,,,,,,,,0,,,,FALSE,FALSE,0,0,0,0,0,0,0,0,0,0,0,0,0,,TRUE,,,0,434
FALSE,,,,,,,,,,,,0,,,,FALSE,FALSE,0,0,0,0,0,0,0,0,0,0,0,0,0,,TRUE,,,0,435
FALSE,,,,,,,,,,,,0,,,,FALSE,FALSE,0,0,0,0,0,0,0,0,0,0,0,0,0,,TRUE,,,0,436
FALSE,,,,,,,,,,,,0,,,,FALSE,FALSE,0,0,0,0,0,0,0,0,0,0,0,0,0,,TRUE,,,0,437
FALSE,,,,,,,,,,,,0,,,,FALSE,FALSE,0,0,0,0,0,0,0,0,0,0,0,0,0,,TRUE,,,0,438
FALSE,,,,,,,,,,,,0,,,,FALSE,FALSE,0,0,0,0,0,0,0,0,0,0,0,0,0,,TRUE,,,0,439
FALSE,,,,,,,,,,,,0,,,,FALSE,FALSE,0,0,0,0,0,0,0,0,0,0,0,0,0,,TRUE,,,0,440
FALSE,,,,,,,,,,,,0,,,,FALSE,FALSE,0,0,0,0,0,0,0,0,0,0,0,0,0,,TRUE,,,0,441
FALSE,,,,,,,,,,,,0,,,,FALSE,FALSE,0,0,0,0,0,0,0,0,0,0,0,0,0,,TRUE,,,0,442
FALSE,,,,,,,,,,,,0,,,,FALSE,FALSE,0,0,0,0,0,0,0,0,0,0,0,0,0,,TRUE,,,0,443
FALSE,,,,,,,,,,,,0,,,,FALSE,FALSE,0,0,0,0,0,0,0,0,0,0,0,0,0,,TRUE,,,0,444
FALSE,,,,,,,,,,,,0,,,,FALSE,FALSE,0,0,0,0,0,0,0,0,0,0,0,0,0,,TRUE,,,0,445
FALSE,,,,,,,,,,,,0,,,,FALSE,FALSE,0,0,0,0,0,0,0,0,0,0,0,0,0,,TRUE,,,0,446
FALSE,,,,,,,,,,,,0,,,,FALSE,FALSE,0,0,0,0,0,0,0,0,0,0,0,0,0,,TRUE,,,0,447
FALSE,,,,,,,,,,,,0,,,,FALSE,FALSE,0,0,0,0,0,0,0,0,0,0,0,0,0,,TRUE,,,0,448
FALSE,,,,,,,,,,,,0,,,,FALSE,FALSE,0,0,0,0,0,0,0,0,0,0,0,0,0,,TRUE,,,0,449
FALSE,,,,,,,,,,,,0,,,,FALSE,FALSE,0,0,0,0,0,0,0,0,0,0,0,0,0,,TRUE,,,0,450
FALSE,,,,,,,,,,,,0,,,,FALSE,FALSE,0,0,0,0,0,0,0,0,0,0,0,0,0,,TRUE,,,0,451
FALSE,,,,,,,,,,,,0,,,,FALSE,FALSE,0,0,0,0,0,0,0,0,0,0,0,0,0,,TRUE,,,0,452
FALSE,,,,,,,,,,,,0,,,,FALSE,FALSE,0,0,0,0,0,0,0,0,0,0,0,0,0,,TRUE,,,0,453
FALSE,,,,,,,,,,,,0,,,,FALSE,FALSE,0,0,0,0,0,0,0,0,0,0,0,0,0,,TRUE,,,0,454
FALSE,,,,,,,,,,,,0,,,,FALSE,FALSE,0,0,0,0,0,0,0,0,0,0,0,0,0,,TRUE,,,0,455
FALSE,,,,,,,,,,,,0,,,,FALSE,FALSE,0,0,0,0,0,0,0,0,0,0,0,0,0,,TRUE,,,0,456
FALSE,,,,,,,,,,,,0,,,,FALSE,FALSE,0,0,0,0,0,0,0,0,0,0,0,0,0,,TRUE,,,0,457
FALSE,,,,,,,,,,,,0,,,,FALSE,FALSE,0,0,0,0,0,0,0,0,0,0,0,0,0,,TRUE,,,0,458
FALSE,,,,,,,,,,,,0,,,,FALSE,FALSE,0,0,0,0,0,0,0,0,0,0,0,0,0,,TRUE,,,0,459
FALSE,,,,,,,,,,,,0,,,,FALSE,FALSE,0,0,0,0,0,0,0,0,0,0,0,0,0,,TRUE,,,0,460
FALSE,,,,,,,,,,,,0,,,,FALSE,FALSE,0,0,0,0,0,0,0,0,0,0,0,0,0,,TRUE,,,0,461
FALSE,,,,,,,,,,,,0,,,,FALSE,FALSE,0,0,0,0,0,0,0,0,0,0,0,0,0,,TRUE,,,0,462
FALSE,,,,,,,,,,,,0,,,,FALSE,FALSE,0,0,0,0,0,0,0,0,0,0,0,0,0,,TRUE,,,0,463
FALSE,,,,,,,,,,,,0,,,,FALSE,FALSE,0,0,0,0,0,0,0,0,0,0,0,0,0,,TRUE,,,0,464
FALSE,,,,,,,,,,,,0,,,,FALSE,FALSE,0,0,0,0,0,0,0,0,0,0,0,0,0,,TRUE,,,0,465
FALSE,,,,,,,,,,,,0,,,,FALSE,FALSE,0,0,0,0,0,0,0,0,0,0,0,0,0,,TRUE,,,0,466
FALSE,,,,,,,,,,,,0,,,,FALSE,FALSE,0,0,0,0,0,0,0,0,0,0,0,0,0,,TRUE,,,0,467
FALSE,,,,,,,,,,,,0,,,,FALSE,FALSE,0,0,0,0,0,0,0,0,0,0,0,0,0,,TRUE,,,0,468
FALSE,,,,,,,,,,,,0,,,,FALSE,FALSE,0,0,0,0,0,0,0,0,0,0,0,0,0,,TRUE,,,0,469
FALSE,,,,,,,,,,,,0,,,,FALSE,FALSE,0,0,0,0,0,0,0,0,0,0,0,0,0,,TRUE,,,0,470
FALSE,,,,,,,,,,,,0,,,,FALSE,FALSE,0,0,0,0,0,0,0,0,0,0,0,0,0,,TRUE,,,0,471
FALSE,,,,,,,,,,,,0,,,,FALSE,FALSE,0,0,0,0,0,0,0,0,0,0,0,0,0,,TRUE,,,0,472
FALSE,,,,,,,,,,,,0,,,,FALSE,FALSE,0,0,0,0,0,0,0,0,0,0,0,0,0,,TRUE,,,0,473
FALSE,,,,,,,,,,,,0,,,,FALSE,FALSE,0,0,0,0,0,0,0,0,0,0,0,0,0,,TRUE,,,0,474
FALSE,,,,,,,,,,,,0,,,,FALSE,FALSE,0,0,0,0,0,0,0,0,0,0,0,0,0,,TRUE,,,0,475
FALSE,,,,,,,,,,,,0,,,,FALSE,FALSE,0,0,0,0,0,0,0,0,0,0,0,0,0,,TRUE,,,0,476
FALSE,,,,,,,,,,,,0,,,,FALSE,FALSE,0,0,0,0,0,0,0,0,0,0,0,0,0,,TRUE,,,0,477
FALSE,,,,,,,,,,,,0,,,,FALSE,FALSE,0,0,0,0,0,0,0,0,0,0,0,0,0,,TRUE,,,0,478
FALSE,,,,,,,,,,,,0,,,,FALSE,FALSE,0,0,0,0,0,0,0,0,0,0,0,0,0,,TRUE,,,0,479
FALSE,,,,,,,,,,,,0,,,,FALSE,FALSE,0,0,0,0,0,0,0,0,0,0,0,0,0,,TRUE,,,0,480
FALSE,,,,,,,,,,,,0,,,,FALSE,FALSE,0,0,0,0,0,0,0,0,0,0,0,0,0,,TRUE,,,0,481
FALSE,,,,,,,,,,,,0,,,,FALSE,FALSE,0,0,0,0,0,0,0,0,0,0,0,0,0,,TRUE,,,0,482
FALSE,,,,,,,,,,,,0,,,,FALSE,FALSE,0,0,0,0,0,0,0,0,0,0,0,0,0,,TRUE,,,0,483
FALSE,,,,,,,,,,,,0,,,,FALSE,FALSE,0,0,0,0,0,0,0,0,0,0,0,0,0,,TRUE,,,0,484
FALSE,,,,,,,,,,,,0,,,,FALSE,FALSE,0,0,0,0,0,0,0,0,0,0,0,0,0,,TRUE,,,0,485
FALSE,,,,,,,,,,,,0,,,,FALSE,FALSE,0,0,0,0,0,0,0,0,0,0,0,0,0,,TRUE,,,0,486
FALSE,,,,,,,,,,,,0,,,,FALSE,FALSE,0,0,0,0,0,0,0,0,0,0,0,0,0,,TRUE,,,0,487
FALSE,,,,,,,,,,,,0,,,,FALSE,FALSE,0,0,0,0,0,0,0,0,0,0,0,0,0,,TRUE,,,0,488
FALSE,,,,,,,,,,,,0,,,,FALSE,FALSE,0,0,0,0,0,0,0,0,0,0,0,0,0,,TRUE,,,0,489
FALSE,,,,,,,,,,,,0,,,,FALSE,FALSE,0,0,0,0,0,0,0,0,0,0,0,0,0,,TRUE,,,0,490
FALSE,,,,,,,,,,,,0,,,,FALSE,FALSE,0,0,0,0,0,0,0,0,0,0,0,0,0,,TRUE,,,0,491
FALSE,,,,,,,,,,,,0,,,,FALSE,FALSE,0,0,0,0,0,0,0,0,0,0,0,0,0,,TRUE,,,0,492
FALSE,,,,,,,,,,,,0,,,,FALSE,FALSE,0,0,0,0,0,0,0,0,0,0,0,0,0,,TRUE,,,0,493
FALSE,,,,,,,,,,,,0,,,,FALSE,FALSE,0,0,0,0,0,0,0,0,0,0,0,0,0,,TRUE,,,0,494
FALSE,,,,,,,,,,,,0,,,,FALSE,FALSE,0,0,0,0,0,0,0,0,0,0,0,0,0,,TRUE,,,0,495
FALSE,,,,,,,,,,,,0,,,,FALSE,FALSE,0,0,0,0,0,0,0,0,0,0,0,0,0,,TRUE,,,0,496
FALSE,,,,,,,,,,,,0,,,,FALSE,FALSE,0,0,0,0,0,0,0,0,0,0,0,0,0,,TRUE,,,0,497
FALSE,,,,,,,,,,,,0,,,,FALSE,FALSE,0,0,0,0,0,0,0,0,0,0,0,0,0,,TRUE,,,0,498
FALSE,,,,,,,,,,,,0,,,,FALSE,FALSE,0,0,0,0,0,0,0,0,0,0,0,0,0,,TRUE,,,0,499
FALSE,,,,,,,,,,,,0,,,,FALSE,FALSE,0,0,0,0,0,0,0,0,0,0,0,0,0,,TRUE,,,0,500
FALSE,,,,,,,,,,,,0,,,,FALSE,FALSE,0,0,0,0,0,0,0,0,0,0,0,0,0,,TRUE,,,0,501
FALSE,,,,,,,,,,,,0,,,,FALSE,FALSE,0,0,0,0,0,0,0,0,0,0,0,0,0,,TRUE,,,0,502
FALSE,,,,,,,,,,,,0,,,,FALSE,FALSE,0,0,0,0,0,0,0,0,0,0,0,0,0,,TRUE,,,0,503
FALSE,,,,,,,,,,,,0,,,,FALSE,FALSE,0,0,0,0,0,0,0,0,0,0,0,0,0,,TRUE,,,0,504
FALSE,,,,,,,,,,,,0,,,,FALSE,FALSE,0,0,0,0,0,0,0,0,0,0,0,0,0,,TRUE,,,0,505
FALSE,,,,,,,,,,,,0,,,,FALSE,FALSE,0,0,0,0,0,0,0,0,0,0,0,0,0,,TRUE,,,0,506
FALSE,,,,,,,,,,,,0,,,,FALSE,FALSE,0,0,0,0,0,0,0,0,0,0,0,0,0,,TRUE,,,0,507
FALSE,,,,,,,,,,,,0,,,,FALSE,FALSE,0,0,0,0,0,0,0,0,0,0,0,0,0,,TRUE,,,0,508
FALSE,,,,,,,,,,,,0,,,,FALSE,FALSE,0,0,0,0,0,0,0,0,0,0,0,0,0,,TRUE,,,0,509
FALSE,,,,,,,,,,,,0,,,,FALSE,FALSE,0,0,0,0,0,0,0,0,0,0,0,0,0,,TRUE,,,0,510
FALSE,,,,,,,,,,,,0,,,,FALSE,FALSE,0,0,0,0,0,0,0,0,0,0,0,0,0,,TRUE,,,0,511
FALSE,,,,,,,,,,,,0,,,,FALSE,FALSE,0,0,0,0,0,0,0,0,0,0,0,0,0,,TRUE,,,0,512
FALSE,,,,,,,,,,,,0,,,,FALSE,FALSE,0,0,0,0,0,0,0,0,0,0,0,0,0,,TRUE,,,0,513
FALSE,,,,,,,,,,,,0,,,,FALSE,FALSE,0,0,0,0,0,0,0,0,0,0,0,0,0,,TRUE,,,0,514
FALSE,,,,,,,,,,,,0,,,,FALSE,FALSE,0,0,0,0,0,0,0,0,0,0,0,0,0,,TRUE,,,0,515
FALSE,,,,,,,,,,,,0,,,,FALSE,FALSE,0,0,0,0,0,0,0,0,0,0,0,0,0,,TRUE,,,0,516
FALSE,,,,,,,,,,,,0,,,,FALSE,FALSE,0,0,0,0,0,0,0,0,0,0,0,0,0,,TRUE,,,0,517
FALSE,,,,,,,,,,,,0,,,,FALSE,FALSE,0,0,0,0,0,0,0,0,0,0,0,0,0,,TRUE,,,0,518
FALSE,,,,,,,,,,,,0,,,,FALSE,FALSE,0,0,0,0,0,0,0,0,0,0,0,0,0,,TRUE,,,0,519
FALSE,,,,,,,,,,,,0,,,,FALSE,FALSE,0,0,0,0,0,0,0,0,0,0,0,0,0,,TRUE,,,0,520
FALSE,,,,,,,,,,,,0,,,,FALSE,FALSE,0,0,0,0,0,0,0,0,0,0,0,0,0,,TRUE,,,0,
FALSE,,,,,,,,,,,,0,,,,FALSE,FALSE,0,0,0,0,0,0,0,0,0,0,0,0,0,,TRUE,,,0,
FALSE,,,,,,,,,,,,0,,,,FALSE,FALSE,0,0,0,0,0,0,0,0,0,0,0,0,0,,TRUE,,,0,
FALSE,,,,,,,,,,,,0,,,,FALSE,FALSE,0,0,0,0,0,0,0,0,0,0,0,0,0,,TRUE,,,0,
FALSE,,,,,,,,,,,,0,,,,FALSE,FALSE,0,0,0,0,0,0,0,0,0,0,0,0,0,,TRUE,,,0,
FALSE,,,,,,,,,,,,0,,,,FALSE,FALSE,0,0,0,0,0,0,0,0,0,0,0,0,0,,TRUE,,,0,
FALSE,,,,,,,,,,,,0,,,,FALSE,FALSE,0,0,0,0,0,0,0,0,0,0,0,0,0,,TRUE,,,0,
FALSE,,,,,,,,,,,,0,,,,FALSE,FALSE,0,0,0,0,0,0,0,0,0,0,0,0,0,,TRUE,,,0,
FALSE,,,,,,,,,,,,0,,,,FALSE,FALSE,0,0,0,0,0,0,0,0,0,0,0,0,0,,TRUE,,,0,
FALSE,,,,,,,,,,,,0,,,,FALSE,FALSE,0,0,0,0,0,0,0,0,0,0,0,0,0,,TRUE,,,0,
FALSE,,,,,,,,,,,,0,,,,FALSE,FALSE,0,0,0,0,0,0,0,0,0,0,0,0,0,,TRUE,,,0,
FALSE,,,,,,,,,,,,0,,,,FALSE,FALSE,0,0,0,0,0,0,0,0,0,0,0,0,0,,TRUE,,,0,
FALSE,,,,,,,,,,,,0,,,,FALSE,FALSE,0,0,0,0,0,0,0,0,0,0,0,0,0,,TRUE,,,0,
FALSE,,,,,,,,,,,,0,,,,FALSE,FALSE,0,0,0,0,0,0,0,0,0,0,0,0,0,,TRUE,,,0,
FALSE,,,,,,,,,,,,0,,,,FALSE,FALSE,0,0,0,0,0,0,0,0,0,0,0,0,0,,TRUE,,,0,
FALSE,,,,,,,,,,,,0,,,,FALSE,FALSE,0,0,0,0,0,0,0,0,0,0,0,0,0,,TRUE,,,0,
FALSE,,,,,,,,,,,,0,,,,FALSE,FALSE,0,0,0,0,0,0,0,0,0,0,0,0,0,,TRUE,,,0,
FALSE,,,,,,,,,,,,0,,,,FALSE,FALSE,0,0,0,0,0,0,0,0,0,0,0,0,0,,TRUE,,,0,
FALSE,,,,,,,,,,,,0,,,,FALSE,FALSE,0,0,0,0,0,0,0,0,0,0,0,0,0,,TRUE,,,0,
FALSE,,,,,,,,,,,,0,,,,FALSE,FALSE,0,0,0,0,0,0,0,0,0,0,0,0,0,,TRUE,,,0,
FALSE,,,,,,,,,,,,0,,,,FALSE,FALSE,0,0,0,0,0,0,0,0,0,0,0,0,0,,TRUE,,,0,
FALSE,,,,,,,,,,,,0,,,,FALSE,FALSE,0,0,0,0,0,0,0,0,0,0,0,0,0,,TRUE,,,0,
FALSE,,,,,,,,,,,,0,,,,FALSE,FALSE,0,0,0,0,0,0,0,0,0,0,0,0,0,,TRUE,,,0,
FALSE,,,,,,,,,,,,0,,,,FALSE,FALSE,0,0,0,0,0,0,0,0,0,0,0,0,0,,TRUE,,,0,
FALSE,,,,,,,,,,,,0,,,,FALSE,FALSE,0,0,0,0,0,0,0,0,0,0,0,0,0,,TRUE,,,0,
FALSE,,,,,,,,,,,,0,,,,FALSE,FALSE,0,0,0,0,0,0,0,0,0,0,0,0,0,,TRUE,,,0,
FALSE,,,,,,,,,,,,0,,,,FALSE,FALSE,0,0,0,0,0,0,0,0,0,0,0,0,0,,TRUE,,,0,
FALSE,,,,,,,,,,,,0,,,,FALSE,FALSE,0,0,0,0,0,0,0,0,0,0,0,0,0,,TRUE,,,0,
FALSE,,,,,,,,,,,,0,,,,FALSE,FALSE,0,0,0,0,0,0,0,0,0,0,0,0,0,,TRUE,,,0,
FALSE,,,,,,,,,,,,0,,,,FALSE,FALSE,0,0,0,0,0,0,0,0,0,0,0,0,0,,TRUE,,,0,
FALSE,,,,,,,,,,,,0,,,,FALSE,FALSE,0,0,0,0,0,0,0,0,0,0,0,0,0,,TRUE,,,0,
FALSE,,,,,,,,,,,,0,,,,FALSE,FALSE,0,0,0,0,0,0,0,0,0,0,0,0,0,,TRUE,,,0,
FALSE,,,,,,,,,,,,0,,,,FALSE,FALSE,0,0,0,0,0,0,0,0,0,0,0,0,0,,TRUE,,,0,
FALSE,,,,,,,,,,,,0,,,,FALSE,FALSE,0,0,0,0,0,0,0,0,0,0,0,0,0,,TRUE,,,0,
FALSE,,,,,,,,,,,,0,,,,FALSE,FALSE,0,0,0,0,0,0,0,0,0,0,0,0,0,,TRUE,,,0,
FALSE,,,,,,,,,,,,0,,,,FALSE,FALSE,0,0,0,0,0,0,0,0,0,0,0,0,0,,TRUE,,,0,
FALSE,,,,,,,,,,,,0,,,,FALSE,FALSE,0,0,0,0,0,0,0,0,0,0,0,0,0,,TRUE,,,0,
FALSE,,,,,,,,,,,,0,,,,FALSE,FALSE,0,0,0,0,0,0,0,0,0,0,0,0,0,,TRUE,,,0,
FALSE,,,,,,,,,,,,0,,,,FALSE,FALSE,0,0,0,0,0,0,0,0,0,0,0,0,0,,TRUE,,,0,
FALSE,,,,,,,,,,,,0,,,,FALSE,FALSE,0,0,0,0,0,0,0,0,0,0,0,0,0,,TRUE,,,0,
FALSE,,,,,,,,,,,,0,,,,FALSE,FALSE,0,0,0,0,0,0,0,0,0,0,0,0,0,,TRUE,,,0,
FALSE,,,,,,,,,,,,0,,,,FALSE,FALSE,0,0,0,0,0,0,0,0,0,0,0,0,0,,TRUE,,,0,
FALSE,,,,,,,,,,,,0,,,,FALSE,FALSE,0,0,0,0,0,0,0,0,0,0,0,0,0,,TRUE,,,0,
FALSE,,,,,,,,,,,,0,,,,FALSE,FALSE,0,0,0,0,0,0,0,0,0,0,0,0,0,,TRUE,,,0,
FALSE,,,,,,,,,,,,0,,,,FALSE,FALSE,0,0,0,0,0,0,0,0,0,0,0,0,0,,TRUE,,,0,
FALSE,,,,,,,,,,,,0,,,,FALSE,FALSE,0,0,0,0,0,0,0,0,0,0,0,0,0,,TRUE,,,0,
FALSE,,,,,,,,,,,,0,,,,FALSE,FALSE,0,0,0,0,0,0,0,0,0,0,0,0,0,,TRUE,,,0,
FALSE,,,,,,,,,,,,0,,,,FALSE,FALSE,0,0,0,0,0,0,0,0,0,0,0,0,0,,TRUE,,,0,
FALSE,,,,,,,,,,,,0,,,,FALSE,FALSE,0,0,0,0,0,0,0,0,0,0,0,0,0,,TRUE,,,0,
FALSE,,,,,,,,,,,,0,,,,FALSE,FALSE,0,0,0,0,0,0,0,0,0,0,0,0,0,,TRUE,,,0,
FALSE,,,,,,,,,,,,0,,,,FALSE,FALSE,0,0,0,0,0,0,0,0,0,0,0,0,0,,TRUE,,,0,
FALSE,,,,,,,,,,,,0,,,,FALSE,FALSE,0,0,0,0,0,0,0,0,0,0,0,0,0,,TRUE,,,0,
FALSE,,,,,,,,,,,,0,,,,FALSE,FALSE,0,0,0,0,0,0,0,0,0,0,0,0,0,,TRUE,,,0,
FALSE,,,,,,,,,,,,0,,,,FALSE,FALSE,0,0,0,0,0,0,0,0,0,0,0,0,0,,TRUE,,,0,
FALSE,,,,,,,,,,,,0,,,,FALSE,FALSE,0,0,0,0,0,0,0,0,0,0,0,0,0,,TRUE,,,0,
FALSE,,,,,,,,,,,,0,,,,FALSE,FALSE,0,0,0,0,0,0,0,0,0,0,0,0,0,,TRUE,,,0,
FALSE,,,,,,,,,,,,0,,,,FALSE,FALSE,0,0,0,0,0,0,0,0,0,0,0,0,0,,TRUE,,,0,
FALSE,,,,,,,,,,,,0,,,,FALSE,FALSE,0,0,0,0,0,0,0,0,0,0,0,0,0,,TRUE,,,0,
FALSE,,,,,,,,,,,,0,,,,FALSE,FALSE,0,0,0,0,0,0,0,0,0,0,0,0,0,,TRUE,,,0,
FALSE,,,,,,,,,,,,0,,,,FALSE,FALSE,0,0,0,0,0,0,0,0,0,0,0,0,0,,TRUE,,,0,
FALSE,,,,,,,,,,,,0,,,,FALSE,FALSE,0,0,0,0,0,0,0,0,0,0,0,0,0,,TRUE,,,0,
FALSE,,,,,,,,,,,,0,,,,FALSE,FALSE,0,0,0,0,0,0,0,0,0,0,0,0,0,,TRUE,,,0,
FALSE,,,,,,,,,,,,0,,,,FALSE,FALSE,0,0,0,0,0,0,0,0,0,0,0,0,0,,,,,0,
FALSE,,,,,,,,,,,,0,,,,FALSE,FALSE,0,0,0,0,0,0,0,0,0,0,0,0,0,,,,,0,
FALSE,,,,,,,,,,,,0,,,,FALSE,FALSE,0,0,0,0,0,0,0,0,0,0,0,0,0,,,,,0,
FALSE,,,,,,,,,,,,0,,,,FALSE,FALSE,0,0,0,0,0,0,0,0,0,0,0,0,0,,,,,0,
FALSE,,,,,,,,,,,,0,,,,FALSE,FALSE,0,0,0,0,0,0,0,0,0,0,0,0,0,,,,,0,
FALSE,,,,,,,,,,,,,,,,FALSE,FALSE,0,,,,,,,,,,,,,,,,,0,
FALSE,,,,,,,,,,,,,,,,FALSE,FALSE,,,,,,,,,,,,,,,,,,0,
FALSE,,,,,,,,,,,,,,,,FALSE,FALSE,,,,,,,,,,,,,,,,,,0,
FALSE,,,,,,,,,,,,,,,,FALSE,FALSE,,,,,,,,,,,,,,,,,,0,
FALSE,,,,,,,,,,,,,,,,FALSE,FALSE,,,,,,,,,,,,,,,,,,0,
FALSE,,,,,,,,,,,,,,,,FALSE,FALSE,,,,,,,,,,,,,,,,,,0,
FALSE,,,,,,,,,,,,,,,,FALSE,FALSE,,,,,,,,,,,,,,,,,,0,
FALSE,,,,,,,,,,,,,,,,FALSE,FALSE,,,,,,,,,,,,,,,,,,0,
FALSE,,,,,,,,,,,,,,,,FALSE,FALSE,,,,,,,,,,,,,,,,,,0,
FALSE,,,,,,,,,,,,,,,,FALSE,FALSE,,,,,,,,,,,,,,,,,,,
FALSE,,,,,,,,,,,,,,,,FALSE,FALSE,,,,,,,,,,,,,,,,,,,
FALSE,,,,,,,,,,,,,,,,FALSE,FALSE,,,,,,,,,,,,,,,,,,,
FALSE,,,,,,,,,,,,,,,,FALSE,FALSE,,,,,,,,,,,,,,,,,,,
FALSE,,,,,,,,,,,,,,,,FALSE,FALSE,,,,,,,,,,,,,,,,,,,
FALSE,,,,,,,,,,,,,,,,FALSE,FALSE,,,,,,,,,,,,,,,,,,,
FALSE,,,,,,,,,,,,,,,,FALSE,FALSE,,,,,,,,,,,,,,,,,,,
FALSE,,,,,,,,,,,,,,,,FALSE,FALSE,,,,,,,,,,,,,,,,,,,
FALSE,,,,,,,,,,,,,,,,FALSE,FALSE,,,,,,,,,,,,,,,,,,,
FALSE,,,,,,,,,,,,,,,,FALSE,FALSE,,,,,,,,,,,,,,,,,,,
FALSE,,,,,,,,,,,,,,,,FALSE,FALSE,,,,,,,,,,,,,,,,,,,
FALSE,,,,,,,,,,,,,,,,FALSE,FALSE,,,,,,,,,,,,,,,,,,,
FALSE,,,,,,,,,,,,,,,,FALSE,FALSE,,,,,,,,,,,,,,,,,,,
FALSE,,,,,,,,,,,,,,,,FALSE,FALSE,,,,,,,,,,,,,,,,,,,
FALSE,,,,,,,,,,,,,,,,FALSE,FALSE,,,,,,,,,,,,,,,,,,,
FALSE,,,,,,,,,,,,,,,,FALSE,FALSE,,,,,,,,,,,,,,,,,,,
FALSE,,,,,,,,,,,,,,,,FALSE,FALSE,,,,,,,,,,,,,,,,,,,
FALSE,,,,,,,,,,,,,,,,FALSE,FALSE,,,,,,,,,,,,,,,,,,,
FALSE,,,,,,,,,,,,,,,,FALSE,FALSE,,,,,,,,,,,,,,,,,,,
FALSE,,,,,,,,,,,,,,,,FALSE,FALSE,,,,,,,,,,,,,,,,,,,
FALSE,,,,,,,,,,,,,,,,FALSE,FALSE,,,,,,,,,,,,,,,,,,,
FALSE,,,,,,,,,,,,,,,,FALSE,FALSE,,,,,,,,,,,,,,,,,,,
FALSE,,,,,,,,,,,,,,,,FALSE,FALSE,,,,,,,,,,,,,,,,,,,
FALSE,,,,,,,,,,,,,,,,FALSE,FALSE,,,,,,,,,,,,,,,,,,,
FALSE,,,,,,,,,,,,,,,,FALSE,FALSE,,,,,,,,,,,,,,,,,,,
FALSE,,,,,,,,,,,,,,,,FALSE,FALSE,,,,,,,,,,,,,,,,,,,
FALSE,,,,,,,,,,,,,,,,FALSE,FALSE,,,,,,,,,,,,,,,,,,,
FALSE,,,,,,,,,,,,,,,,FALSE,FALSE,,,,,,,,,,,,,,,,,,,
FALSE,,,,,,,,,,,,,,,,FALSE,FALSE,,,,,,,,,,,,,,,,,,,
FALSE,,,,,,,,,,,,,,,,FALSE,FALSE,,,,,,,,,,,,,,,,,,,
FALSE,,,,,,,,,,,,,,,,FALSE,FALSE,,,,,,,,,,,,,,,,,,,
FALSE,,,,,,,,,,,,,,,,FALSE,FALSE,,,,,,,,,,,,,,,,,,,
FALSE,,,,,,,,,,,,,,,,FALSE,FALSE,,,,,,,,,,,,,,,,,,,
FALSE,,,,,,,,,,,,,,,,FALSE,FALSE,,,,,,,,,,,,,,,,,,,
FALSE,,,,,,,,,,,,,,,,FALSE,FALSE,,,,,,,,,,,,,,,,,,,
FALSE,,,,,,,,,,,,,,,,FALSE,FALSE,,,,,,,,,,,,,,,,,,,
FALSE,,,,,,,,,,,,,,,,FALSE,FALSE,,,,,,,,,,,,,,,,,,,
FALSE,,,,,,,,,,,,,,,,FALSE,FALSE,,,,,,,,,,,,,,,,,,,
FALSE,,,,,,,,,,,,,,,,FALSE,FALSE,,,,,,,,,,,,,,,,,,,
FALSE,,,,,,,,,,,,,,,,FALSE,FALSE,,,,,,,,,,,,,,,,,,,
FALSE,,,,,,,,,,,,,,,,FALSE,FALSE,,,,,,,,,,,,,,,,,,,
FALSE,,,,,,,,,,,,,,,,FALSE,FALSE,,,,,,,,,,,,,,,,,,,
FALSE,,,,,,,,,,,,,,,,FALSE,FALSE,,,,,,,,,,,,,,,,,,,
FALSE,,,,,,,,,,,,,,,,FALSE,FALSE,,,,,,,,,,,,,,,,,,,
FALSE,,,,,,,,,,,,,,,,FALSE,FALSE,,,,,,,,,,,,,,,,,,,
FALSE,,,,,,,,,,,,,,,,FALSE,FALSE,,,,,,,,,,,,,,,,,,,
FALSE,,,,,,,,,,,,,,,,FALSE,FALSE,,,,,,,,,,,,,,,,,,,
FALSE,,,,,,,,,,,,,,,,FALSE,FALSE,,,,,,,,,,,,,,,,,,,
FALSE,,,,,,,,,,,,,,,,FALSE,FALSE,,,,,,,,,,,,,,,,,,,
FALSE,,,,,,,,,,,,,,,,FALSE,FALSE,,,,,,,,,,,,,,,,,,,
FALSE,,,,,,,,,,,,,,,,FALSE,FALSE,,,,,,,,,,,,,,,,,,,
FALSE,,,,,,,,,,,,,,,,FALSE,FALSE,,,,,,,,,,,,,,,,,,,
FALSE,,,,,,,,,,,,,,,,FALSE,FALSE,,,,,,,,,,,,,,,,,,,
FALSE,,,,,,,,,,,,,,,,FALSE,FALSE,,,,,,,,,,,,,,,,,,,
FALSE,,,,,,,,,,,,,,,,FALSE,FALSE,,,,,,,,,,,,,,,,,,,
FALSE,,,,,,,,,,,,,,,,FALSE,FALSE,,,,,,,,,,,,,,,,,,,
FALSE,,,,,,,,,,,,,,,,FALSE,FALSE,,,,,,,,,,,,,,,,,,,
FALSE,,,,,,,,,,,,,,,,FALSE,FALSE,,,,,,,,,,,,,,,,,,,
FALSE,,,,,,,,,,,,,,,,FALSE,FALSE,,,,,,,,,,,,,,,,,,,
FALSE,,,,,,,,,,,,,,,,FALSE,FALSE,,,,,,,,,,,,,,,,,,,
FALSE,,,,,,,,,,,,,,,,FALSE,FALSE,,,,,,,,,,,,,,,,,,,
FALSE,,,,,,,,,,,,,,,,FALSE,FALSE,,,,,,,,,,,,,,,,,,,
FALSE,,,,,,,,,,,,,,,,FALSE,FALSE,,,,,,,,,,,,,,,,,,,
FALSE,,,,,,,,,,,,,,,,FALSE,FALSE,,,,,,,,,,,,,,,,,,,
FALSE,,,,,,,,,,,,,,,,FALSE,FALSE,,,,,,,,,,,,,,,,,,,
FALSE,,,,,,,,,,,,,,,,FALSE,FALSE,,,,,,,,,,,,,,,,,,,
FALSE,,,,,,,,,,,,,,,,FALSE,FALSE,,,,,,,,,,,,,,,,,,,
FALSE,,,,,,,,,,,,,,,,FALSE,FALSE,,,,,,,,,,,,,,,,,,,
FALSE,,,,,,,,,,,,,,,,FALSE,FALSE,,,,,,,,,,,,,,,,,,,
FALSE,,,,,,,,,,,,,,,,FALSE,FALSE,,,,,,,,,,,,,,,,,,,
FALSE,,,,,,,,,,,,,,,,FALSE,FALSE,,,,,,,,,,,,,,,,,,,
FALSE,,,,,,,,,,,,,,,,FALSE,FALSE,,,,,,,,,,,,,,,,,,,
FALSE,,,,,,,,,,,,,,,,FALSE,FALSE,,,,,,,,,,,,,,,,,,,
FALSE,,,,,,,,,,,,,,,,FALSE,FALSE,,,,,,,,,,,,,,,,,,,
FALSE,,,,,,,,,,,,,,,,FALSE,FALSE,,,,,,,,,,,,,,,,,,,
FALSE,,,,,,,,,,,,,,,,FALSE,FALSE,,,,,,,,,,,,,,,,,,,
FALSE,,,,,,,,,,,,,,,,FALSE,FALSE,,,,,,,,,,,,,,,,,,,
FALSE,,,,,,,,,,,,,,,,FALSE,FALSE,,,,,,,,,,,,,,,,,,,
FALSE,,,,,,,,,,,,,,,,FALSE,FALSE,,,,,,,,,,,,,,,,,,,
FALSE,,,,,,,,,,,,,,,,FALSE,FALSE,,,,,,,,,,,,,,,,,,,
FALSE,,,,,,,,,,,,,,,,FALSE,FALSE,,,,,,,,,,,,,,,,,,,
FALSE,,,,,,,,,,,,,,,,FALSE,FALSE,,,,,,,,,,,,,,,,,,,
FALSE,,,,,,,,,,,,,,,,FALSE,FALSE,,,,,,,,,,,,,,,,,,,
FALSE,,,,,,,,,,,,,,,,FALSE,FALSE,,,,,,,,,,,,,,,,,,,
FALSE,,,,,,,,,,,,,,,,FALSE,FALSE,,,,,,,,,,,,,,,,,,,
FALSE,,,,,,,,,,,,,,,,FALSE,FALSE,,,,,,,,,,,,,,,,,,,
FALSE,,,,,,,,,,,,,,,,FALSE,FALSE,,,,,,,,,,,,,,,,,,,
FALSE,,,,,,,,,,,,,,,,FALSE,FALSE,,,,,,,,,,,,,,,,,,,
FALSE,,,,,,,,,,,,,,,,FALSE,FALSE,,,,,,,,,,,,,,,,,,,
FALSE,,,,,,,,,,,,,,,,FALSE,FALSE,,,,,,,,,,,,,,,,,,,
FALSE,,,,,,,,,,,,,,,,FALSE,FALSE,,,,,,,,,,,,,,,,,,,
FALSE,,,,,,,,,,,,,,,,FALSE,FALSE,,,,,,,,,,,,,,,,,,,
FALSE,,,,,,,,,,,,,,,,FALSE,FALSE,,,,,,,,,,,,,,,,,,,
FALSE,,,,,,,,,,,,,,,,FALSE,FALSE,,,,,,,,,,,,,,,,,,,
FALSE,,,,,,,,,,,,,,,,FALSE,FALSE,,,,,,,,,,,,,,,,,,,
FALSE,,,,,,,,,,,,,,,,FALSE,FALSE,,,,,,,,,,,,,,,,,,,
FALSE,,,,,,,,,,,,,,,,FALSE,FALSE,,,,,,,,,,,,,,,,,,,
FALSE,,,,,,,,,,,,,,,,FALSE,FALSE,,,,,,,,,,,,,,,,,,,
FALSE,,,,,,,,,,,,,,,,FALSE,FALSE,,,,,,,,,,,,,,,,,,,
FALSE,,,,,,,,,,,,,,,,FALSE,FALSE,,,,,,,,,,,,,,,,,,,
FALSE,,,,,,,,,,,,,,,,FALSE,FALSE,,,,,,,,,,,,,,,,,,,
FALSE,,,,,,,,,,,,,,,,FALSE,FALSE,,,,,,,,,,,,,,,,,,,
FALSE,,,,,,,,,,,,,,,,FALSE,FALSE,,,,,,,,,,,,,,,,,,,
FALSE,,,,,,,,,,,,,,,,FALSE,FALSE,,,,,,,,,,,,,,,,,,,
FALSE,,,,,,,,,,,,,,,,FALSE,FALSE,,,,,,,,,,,,,,,,,,,
FALSE,,,,,,,,,,,,,,,,FALSE,FALSE,,,,,,,,,,,,,,,,,,,
FALSE,,,,,,,,,,,,,,,,FALSE,FALSE,,,,,,,,,,,,,,,,,,,
FALSE,,,,,,,,,,,,,,,,FALSE,FALSE,,,,,,,,,,,,,,,,,,,
FALSE,,,,,,,,,,,,,,,,FALSE,FALSE,,,,,,,,,,,,,,,,,,,
FALSE,,,,,,,,,,,,,,,,FALSE,FALSE,,,,,,,,,,,,,,,,,,,
FALSE,,,,,,,,,,,,,,,,FALSE,FALSE,,,,,,,,,,,,,,,,,,,
FALSE,,,,,,,,,,,,,,,,FALSE,FALSE,,,,,,,,,,,,,,,,,,,
FALSE,,,,,,,,,,,,,,,,FALSE,FALSE,,,,,,,,,,,,,,,,,,,
FALSE,,,,,,,,,,,,,,,,FALSE,FALSE,,,,,,,,,,,,,,,,,,,
FALSE,,,,,,,,,,,,,,,,FALSE,FALSE,,,,,,,,,,,,,,,,,,,
FALSE,,,,,,,,,,,,,,,,FALSE,FALSE,,,,,,,,,,,,,,,,,,,
FALSE,,,,,,,,,,,,,,,,FALSE,FALSE,,,,,,,,,,,,,,,,,,,
FALSE,,,,,,,,,,,,,,,,FALSE,FALSE,,,,,,,,,,,,,,,,,,,
FALSE,,,,,,,,,,,,,,,,FALSE,FALSE,,,,,,,,,,,,,,,,,,,
FALSE,,,,,,,,,,,,,,,,FALSE,FALSE,,,,,,,,,,,,,,,,,,,
FALSE,,,,,,,,,,,,,,,,FALSE,FALSE,,,,,,,,,,,,,,,,,,,
FALSE,,,,,,,,,,,,,,,,FALSE,FALSE,,,,,,,,,,,,,,,,,,,
FALSE,,,,,,,,,,,,,,,,FALSE,FALSE,,,,,,,,,,,,,,,,,,,
FALSE,,,,,,,,,,,,,,,,FALSE,FALSE,,,,,,,,,,,,,,,,,,,
FALSE,,,,,,,,,,,,,,,,FALSE,FALSE,,,,,,,,,,,,,,,,,,,
FALSE,,,,,,,,,,,,,,,,FALSE,FALSE,,,,,,,,,,,,,,,,,,,
FALSE,,,,,,,,,,,,,,,,FALSE,FALSE,,,,,,,,,,,,,,,,,,,
FALSE,,,,,,,,,,,,,,,,FALSE,FALSE,,,,,,,,,,,,,,,,,,,
FALSE,,,,,,,,,,,,,,,,FALSE,FALSE,,,,,,,,,,,,,,,,,,,
FALSE,,,,,,,,,,,,,,,,FALSE,FALSE,,,,,,,,,,,,,,,,,,,
FALSE,,,,,,,,,,,,,,,,FALSE,FALSE,,,,,,,,,,,,,,,,,,,
FALSE,,,,,,,,,,,,,,,,FALSE,FALSE,,,,,,,,,,,,,,,,,,,
FALSE,,,,,,,,,,,,,,,,FALSE,FALSE,,,,,,,,,,,,,,,,,,,
FALSE,,,,,,,,,,,,,,,,FALSE,FALSE,,,,,,,,,,,,,,,,,,,
FALSE,,,,,,,,,,,,,,,,FALSE,FALSE,,,,,,,,,,,,,,,,,,,
FALSE,,,,,,,,,,,,,,,,FALSE,FALSE,,,,,,,,,,,,,,,,,,,
FALSE,,,,,,,,,,,,,,,,FALSE,FALSE,,,,,,,,,,,,,,,,,,,
FALSE,,,,,,,,,,,,,,,,FALSE,FALSE,,,,,,,,,,,,,,,,,,,
FALSE,,,,,,,,,,,,,,,,FALSE,FALSE,,,,,,,,,,,,,,,,,,,
FALSE,,,,,,,,,,,,,,,,FALSE,FALSE,,,,,,,,,,,,,,,,,,,
FALSE,,,,,,,,,,,,,,,,FALSE,FALSE,,,,,,,,,,,,,,,,,,,
FALSE,,,,,,,,,,,,,,,,FALSE,FALSE,,,,,,,,,,,,,,,,,,,
FALSE,,,,,,,,,,,,,,,,FALSE,FALSE,,,,,,,,,,,,,,,,,,,
FALSE,,,,,,,,,,,,,,,,FALSE,FALSE,,,,,,,,,,,,,,,,,,,
FALSE,,,,,,,,,,,,,,,,FALSE,FALSE,,,,,,,,,,,,,,,,,,,
FALSE,,,,,,,,,,,,,,,,FALSE,FALSE,,,,,,,,,,,,,,,,,,,
FALSE,,,,,,,,,,,,,,,,FALSE,FALSE,,,,,,,,,,,,,,,,,,,
FALSE,,,,,,,,,,,,,,,,FALSE,FALSE,,,,,,,,,,,,,,,,,,,
FALSE,,,,,,,,,,,,,,,,FALSE,FALSE,,,,,,,,,,,,,,,,,,,
FALSE,,,,,,,,,,,,,,,,FALSE,FALSE,,,,,,,,,,,,,,,,,,,
FALSE,,,,,,,,,,,,,,,,FALSE,FALSE,,,,,,,,,,,,,,,,,,,
FALSE,,,,,,,,,,,,,,,,FALSE,FALSE,,,,,,,,,,,,,,,,,,,
FALSE,,,,,,,,,,,,,,,,FALSE,FALSE,,,,,,,,,,,,,,,,,,,
FALSE,,,,,,,,,,,,,,,,FALSE,FALSE,,,,,,,,,,,,,,,,,,,
FALSE,,,,,,,,,,,,,,,,FALSE,FALSE,,,,,,,,,,,,,,,,,,,
FALSE,,,,,,,,,,,,,,,,FALSE,FALSE,,,,,,,,,,,,,,,,,,,
FALSE,,,,,,,,,,,,,,,,FALSE,FALSE,,,,,,,,,,,,,,,,,,,
FALSE,,,,,,,,,,,,,,,,FALSE,FALSE,,,,,,,,,,,,,,,,,,,
FALSE,,,,,,,,,,,,,,,,FALSE,FALSE,,,,,,,,,,,,,,,,,,,
FALSE,,,,,,,,,,,,,,,,FALSE,FALSE,,,,,,,,,,,,,,,,,,,
FALSE,,,,,,,,,,,,,,,,FALSE,FALSE,,,,,,,,,,,,,,,,,,,
FALSE,,,,,,,,,,,,,,,,FALSE,FALSE,,,,,,,,,,,,,,,,,,,
FALSE,,,,,,,,,,,,,,,,FALSE,FALSE,,,,,,,,,,,,,,,,,,,
FALSE,,,,,,,,,,,,,,,,FALSE,FALSE,,,,,,,,,,,,,,,,,,,
FALSE,,,,,,,,,,,,,,,,FALSE,FALSE,,,,,,,,,,,,,,,,,,,
FALSE,,,,,,,,,,,,,,,,FALSE,FALSE,,,,,,,,,,,,,,,,,,,
FALSE,,,,,,,,,,,,,,,,FALSE,FALSE,,,,,,,,,,,,,,,,,,,
FALSE,,,,,,,,,,,,,,,,FALSE,FALSE,,,,,,,,,,,,,,,,,,,
FALSE,,,,,,,,,,,,,,,,FALSE,FALSE,,,,,,,,,,,,,,,,,,,
FALSE,,,,,,,,,,,,,,,,FALSE,FALSE,,,,,,,,,,,,,,,,,,,
FALSE,,,,,,,,,,,,,,,,FALSE,FALSE,,,,,,,,,,,,,,,,,,,
FALSE,,,,,,,,,,,,,,,,FALSE,FALSE,,,,,,,,,,,,,,,,,,,
FALSE,,,,,,,,,,,,,,,,FALSE,FALSE,,,,,,,,,,,,,,,,,,,
FALSE,,,,,,,,,,,,,,,,FALSE,FALSE,,,,,,,,,,,,,,,,,,,
FALSE,,,,,,,,,,,,,,,,FALSE,FALSE,,,,,,,,,,,,,,,,,,,
FALSE,,,,,,,,,,,,,,,,FALSE,FALSE,,,,,,,,,,,,,,,,,,,
FALSE,,,,,,,,,,,,,,,,FALSE,FALSE,,,,,,,,,,,,,,,,,,,
FALSE,,,,,,,,,,,,,,,,FALSE,FALSE,,,,,,,,,,,,,,,,,,,
FALSE,,,,,,,,,,,,,,,,FALSE,FALSE,,,,,,,,,,,,,,,,,,,
FALSE,,,,,,,,,,,,,,,,FALSE,FALSE,,,,,,,,,,,,,,,,,,,
FALSE,,,,,,,,,,,,,,,,FALSE,FALSE,,,,,,,,,,,,,,,,,,,
FALSE,,,,,,,,,,,,,,,,FALSE,FALSE,,,,,,,,,,,,,,,,,,,
FALSE,,,,,,,,,,,,,,,,FALSE,FALSE,,,,,,,,,,,,,,,,,,,
FALSE,,,,,,,,,,,,,,,,FALSE,FALSE,,,,,,,,,,,,,,,,,,,
FALSE,,,,,,,,,,,,,,,,FALSE,FALSE,,,,,,,,,,,,,,,,,,,
FALSE,,,,,,,,,,,,,,,,FALSE,FALSE,,,,,,,,,,,,,,,,,,,
FALSE,,,,,,,,,,,,,,,,FALSE,FALSE,,,,,,,,,,,,,,,,,,,
FALSE,,,,,,,,,,,,,,,,FALSE,FALSE,,,,,,,,,,,,,,,,,,,
FALSE,,,,,,,,,,,,,,,,FALSE,FALSE,,,,,,,,,,,,,,,,,,,
FALSE,,,,,,,,,,,,,,,,FALSE,FALSE,,,,,,,,,,,,,,,,,,,
FALSE,,,,,,,,,,,,,,,,FALSE,FALSE,,,,,,,,,,,,,,,,,,,
FALSE,,,,,,,,,,,,,,,,FALSE,FALSE,,,,,,,,,,,,,,,,,,,
FALSE,,,,,,,,,,,,,,,,FALSE,FALSE,,,,,,,,,,,,,,,,,,,
FALSE,,,,,,,,,,,,,,,,FALSE,FALSE,,,,,,,,,,,,,,,,,,,
FALSE,,,,,,,,,,,,,,,,FALSE,FALSE,,,,,,,,,,,,,,,,,,,
FALSE,,,,,,,,,,,,,,,,FALSE,FALSE,,,,,,,,,,,,,,,,,,,
FALSE,,,,,,,,,,,,,,,,FALSE,FALSE,,,,,,,,,,,,,,,,,,,
FALSE,,,,,,,,,,,,,,,,FALSE,FALSE,,,,,,,,,,,,,,,,,,,
FALSE,,,,,,,,,,,,,,,,FALSE,FALSE,,,,,,,,,,,,,,,,,,,
FALSE,,,,,,,,,,,,,,,,FALSE,FALSE,,,,,,,,,,,,,,,,,,,
FALSE,,,,,,,,,,,,,,,,FALSE,FALSE,,,,,,,,,,,,,,,,,,,
FALSE,,,,,,,,,,,,,,,,FALSE,FALSE,,,,,,,,,,,,,,,,,,,
FALSE,,,,,,,,,,,,,,,,FALSE,FALSE,,,,,,,,,,,,,,,,,,,
FALSE,,,,,,,,,,,,,,,,FALSE,FALSE,,,,,,,,,,,,,,,,,,,
FALSE,,,,,,,,,,,,,,,,FALSE,FALSE,,,,,,,,,,,,,,,,,,,
FALSE,,,,,,,,,,,,,,,,FALSE,FALSE,,,,,,,,,,,,,,,,,,,
FALSE,,,,,,,,,,,,,,,,FALSE,FALSE,,,,,,,,,,,,,,,,,,,
FALSE,,,,,,,,,,,,,,,,FALSE,FALSE,,,,,,,,,,,,,,,,,,,
FALSE,,,,,,,,,,,,,,,,FALSE,FALSE,,,,,,,,,,,,,,,,,,,
FALSE,,,,,,,,,,,,,,,,FALSE,FALSE,,,,,,,,,,,,,,,,,,,
FALSE,,,,,,,,,,,,,,,,FALSE,FALSE,,,,,,,,,,,,,,,,,,,
FALSE,,,,,,,,,,,,,,,,FALSE,FALSE,,,,,,,,,,,,,,,,,,,
FALSE,,,,,,,,,,,,,,,,FALSE,FALSE,,,,,,,,,,,,,,,,,,,
FALSE,,,,,,,,,,,,,,,,FALSE,FALSE,,,,,,,,,,,,,,,,,,,
FALSE,,,,,,,,,,,,,,,,FALSE,FALSE,,,,,,,,,,,,,,,,,,,
FALSE,,,,,,,,,,,,,,,,FALSE,FALSE,,,,,,,,,,,,,,,,,,,
FALSE,,,,,,,,,,,,,,,,FALSE,FALSE,,,,,,,,,,,,,,,,,,,
FALSE,,,,,,,,,,,,,,,,FALSE,FALSE,,,,,,,,,,,,,,,,,,,
FALSE,,,,,,,,,,,,,,,,FALSE,FALSE,,,,,,,,,,,,,,,,,,,
FALSE,,,,,,,,,,,,,,,,FALSE,FALSE,,,,,,,,,,,,,,,,,,,
FALSE,,,,,,,,,,,,,,,,FALSE,FALSE,,,,,,,,,,,,,,,,,,,
FALSE,,,,,,,,,,,,,,,,FALSE,FALSE,,,,,,,,,,,,,,,,,,,
FALSE,,,,,,,,,,,,,,,,FALSE,FALSE,,,,,,,,,,,,,,,,,,,
FALSE,,,,,,,,,,,,,,,,FALSE,FALSE,,,,,,,,,,,,,,,,,,,
FALSE,,,,,,,,,,,,,,,,FALSE,FALSE,,,,,,,,,,,,,,,,,,,
FALSE,,,,,,,,,,,,,,,,FALSE,FALSE,,,,,,,,,,,,,,,,,,,
FALSE,,,,,,,,,,,,,,,,FALSE,FALSE,,,,,,,,,,,,,,,,,,,
FALSE,,,,,,,,,,,,,,,,FALSE,FALSE,,,,,,,,,,,,,,,,,,,
FALSE,,,,,,,,,,,,,,,,FALSE,FALSE,,,,,,,,,,,,,,,,,,,
FALSE,,,,,,,,,,,,,,,,FALSE,FALSE,,,,,,,,,,,,,,,,,,,
FALSE,,,,,,,,,,,,,,,,FALSE,FALSE,,,,,,,,,,,,,,,,,,,
FALSE,,,,,,,,,,,,,,,,FALSE,FALSE,,,,,,,,,,,,,,,,,,,
FALSE,,,,,,,,,,,,,,,,FALSE,FALSE,,,,,,,,,,,,,,,,,,,
FALSE,,,,,,,,,,,,,,,,FALSE,FALSE,,,,,,,,,,,,,,,,,,,
FALSE,,,,,,,,,,,,,,,,FALSE,FALSE,,,,,,,,,,,,,,,,,,,
FALSE,,,,,,,,,,,,,,,,FALSE,FALSE,,,,,,,,,,,,,,,,,,,
FALSE,,,,,,,,,,,,,,,,FALSE,FALSE,,,,,,,,,,,,,,,,,,,
FALSE,,,,,,,,,,,,,,,,FALSE,FALSE,,,,,,,,,,,,,,,,,,,
FALSE,,,,,,,,,,,,,,,,FALSE,FALSE,,,,,,,,,,,,,,,,,,,
FALSE,,,,,,,,,,,,,,,,FALSE,FALSE,,,,,,,,,,,,,,,,,,,
FALSE,,,,,,,,,,,,,,,,FALSE,FALSE,,,,,,,,,,,,,,,,,,,
FALSE,,,,,,,,,,,,,,,,FALSE,FALSE,,,,,,,,,,,,,,,,,,,
FALSE,,,,,,,,,,,,,,,,FALSE,FALSE,,,,,,,,,,,,,,,,,,,
FALSE,,,,,,,,,,,,,,,,FALSE,FALSE,,,,,,,,,,,,,,,,,,,
FALSE,,,,,,,,,,,,,,,,FALSE,FALSE,,,,,,,,,,,,,,,,,,,
FALSE,,,,,,,,,,,,,,,,FALSE,FALSE,,,,,,,,,,,,,,,,,,,
FALSE,,,,,,,,,,,,,,,,FALSE,FALSE,,,,,,,,,,,,,,,,,,,
FALSE,,,,,,,,,,,,,,,,FALSE,FALSE,,,,,,,,,,,,,,,,,,,
FALSE,,,,,,,,,,,,,,,,FALSE,FALSE,,,,,,,,,,,,,,,,,,,
FALSE,,,,,,,,,,,,,,,,FALSE,FALSE,,,,,,,,,,,,,,,,,,,
FALSE,,,,,,,,,,,,,,,,FALSE,FALSE,,,,,,,,,,,,,,,,,,,
FALSE,,,,,,,,,,,,,,,,FALSE,FALSE,,,,,,,,,,,,,,,,,,,
FALSE,,,,,,,,,,,,,,,,FALSE,FALSE,,,,,,,,,,,,,,,,,,,
FALSE,,,,,,,,,,,,,,,,FALSE,FALSE,,,,,,,,,,,,,,,,,,,
FALSE,,,,,,,,,,,,,,,,FALSE,FALSE,,,,,,,,,,,,,,,,,,,
FALSE,,,,,,,,,,,,,,,,FALSE,FALSE,,,,,,,,,,,,,,,,,,,
FALSE,,,,,,,,,,,,,,,,FALSE,FALSE,,,,,,,,,,,,,,,,,,,
FALSE,,,,,,,,,,,,,,,,FALSE,FALSE,,,,,,,,,,,,,,,,,,,
FALSE,,,,,,,,,,,,,,,,FALSE,FALSE,,,,,,,,,,,,,,,,,,,
FALSE,,,,,,,,,,,,,,,,FALSE,FALSE,,,,,,,,,,,,,,,,,,,
FALSE,,,,,,,,,,,,,,,,FALSE,FALSE,,,,,,,,,,,,,,,,,,,
FALSE,,,,,,,,,,,,,,,,FALSE,FALSE,,,,,,,,,,,,,,,,,,,
FALSE,,,,,,,,,,,,,,,,FALSE,FALSE,,,,,,,,,,,,,,,,,,,
FALSE,,,,,,,,,,,,,,,,FALSE,FALSE,,,,,,,,,,,,,,,,,,,
FALSE,,,,,,,,,,,,,,,,FALSE,FALSE,,,,,,,,,,,,,,,,,,,
FALSE,,,,,,,,,,,,,,,,FALSE,FALSE,,,,,,,,,,,,,,,,,,,
FALSE,,,,,,,,,,,,,,,,FALSE,FALSE,,,,,,,,,,,,,,,,,,,
FALSE,,,,,,,,,,,,,,,,FALSE,FALSE,,,,,,,,,,,,,,,,,,,
FALSE,,,,,,,,,,,,,,,,FALSE,FALSE,,,,,,,,,,,,,,,,,,,
FALSE,,,,,,,,,,,,,,,,FALSE,FALSE,,,,,,,,,,,,,,,,,,,
FALSE,,,,,,,,,,,,,,,,FALSE,FALSE,,,,,,,,,,,,,,,,,,,
FALSE,,,,,,,,,,,,,,,,FALSE,FALSE,,,,,,,,,,,,,,,,,,,
FALSE,,,,,,,,,,,,,,,,FALSE,FALSE,,,,,,,,,,,,,,,,,,,
FALSE,,,,,,,,,,,,,,,,FALSE,FALSE,,,,,,,,,,,,,,,,,,,
FALSE,,,,,,,,,,,,,,,,FALSE,FALSE,,,,,,,,,,,,,,,,,,,
FALSE,,,,,,,,,,,,,,,,FALSE,FALSE,,,,,,,,,,,,,,,,,,,
FALSE,,,,,,,,,,,,,,,,FALSE,FALSE,,,,,,,,,,,,,,,,,,,
FALSE,,,,,,,,,,,,,,,,FALSE,FALSE,,,,,,,,,,,,,,,,,,,
FALSE,,,,,,,,,,,,,,,,FALSE,FALSE,,,,,,,,,,,,,,,,,,,
FALSE,,,,,,,,,,,,,,,,FALSE,FALSE,,,,,,,,,,,,,,,,,,,
FALSE,,,,,,,,,,,,,,,,FALSE,FALSE,,,,,,,,,,,,,,,,,,,
FALSE,,,,,,,,,,,,,,,,FALSE,FALSE,,,,,,,,,,,,,,,,,,,
FALSE,,,,,,,,,,,,,,,,FALSE,FALSE,,,,,,,,,,,,,,,,,,,
FALSE,,,,,,,,,,,,,,,,FALSE,FALSE,,,,,,,,,,,,,,,,,,,
FALSE,,,,,,,,,,,,,,,,FALSE,FALSE,,,,,,,,,,,,,,,,,,,
FALSE,,,,,,,,,,,,,,,,FALSE,FALSE,,,,,,,,,,,,,,,,,,,
FALSE,,,,,,,,,,,,,,,,FALSE,FALSE,,,,,,,,,,,,,,,,,,,
FALSE,,,,,,,,,,,,,,,,FALSE,FALSE,,,,,,,,,,,,,,,,,,,
FALSE,,,,,,,,,,,,,,,,FALSE,FALSE,,,,,,,,,,,,,,,,,,,
FALSE,,,,,,,,,,,,,,,,FALSE,FALSE,,,,,,,,,,,,,,,,,,,
FALSE,,,,,,,,,,,,,,,,FALSE,FALSE,,,,,,,,,,,,,,,,,,,
FALSE,,,,,,,,,,,,,,,,FALSE,FALSE,,,,,,,,,,,,,,,,,,,
FALSE,,,,,,,,,,,,,,,,FALSE,FALSE,,,,,,,,,,,,,,,,,,,
FALSE,,,,,,,,,,,,,,,,FALSE,FALSE,,,,,,,,,,,,,,,,,,,
FALSE,,,,,,,,,,,,,,,,FALSE,FALSE,,,,,,,,,,,,,,,,,,,
FALSE,,,,,,,,,,,,,,,,FALSE,FALSE,,,,,,,,,,,,,,,,,,,
FALSE,,,,,,,,,,,,,,,,FALSE,FALSE,,,,,,,,,,,,,,,,,,,
FALSE,,,,,,,,,,,,,,,,FALSE,FALSE,,,,,,,,,,,,,,,,,,,
FALSE,,,,,,,,,,,,,,,,FALSE,FALSE,,,,,,,,,,,,,,,,,,,
FALSE,,,,,,,,,,,,,,,,FALSE,FALSE,,,,,,,,,,,,,,,,,,,
FALSE,,,,,,,,,,,,,,,,FALSE,FALSE,,,,,,,,,,,,,,,,,,,
FALSE,,,,,,,,,,,,,,,,FALSE,FALSE,,,,,,,,,,,,,,,,,,,
FALSE,,,,,,,,,,,,,,,,FALSE,FALSE,,,,,,,,,,,,,,,,,,,
FALSE,,,,,,,,,,,,,,,,FALSE,FALSE,,,,,,,,,,,,,,,,,,,
FALSE,,,,,,,,,,,,,,,,FALSE,FALSE,,,,,,,,,,,,,,,,,,,
FALSE,,,,,,,,,,,,,,,,FALSE,FALSE,,,,,,,,,,,,,,,,,,,
FALSE,,,,,,,,,,,,,,,,FALSE,FALSE,,,,,,,,,,,,,,,,,,,
FALSE,,,,,,,,,,,,,,,,FALSE,FALSE,,,,,,,,,,,,,,,,,,,
FALSE,,,,,,,,,,,,,,,,FALSE,FALSE,,,,,,,,,,,,,,,,,,,
FALSE,,,,,,,,,,,,,,,,FALSE,FALSE,,,,,,,,,,,,,,,,,,,
FALSE,,,,,,,,,,,,,,,,FALSE,FALSE,,,,,,,,,,,,,,,,,,,
FALSE,,,,,,,,,,,,,,,,FALSE,FALSE,,,,,,,,,,,,,,,,,,,
FALSE,,,,,,,,,,,,,,,,FALSE,FALSE,,,,,,,,,,,,,,,,,,,
FALSE,,,,,,,,,,,,,,,,FALSE,FALSE,,,,,,,,,,,,,,,,,,,
FALSE,,,,,,,,,,,,,,,,FALSE,FALSE,,,,,,,,,,,,,,,,,,,
FALSE,,,,,,,,,,,,,,,,FALSE,FALSE,,,,,,,,,,,,,,,,,,,
FALSE,,,,,,,,,,,,,,,,FALSE,FALSE,,,,,,,,,,,,,,,,,,,
FALSE,,,,,,,,,,,,,,,,FALSE,FALSE,,,,,,,,,,,,,,,,,,,
FALSE,,,,,,,,,,,,,,,,FALSE,FALSE,,,,,,,,,,,,,,,,,,,
FALSE,,,,,,,,,,,,,,,,FALSE,FALSE,,,,,,,,,,,,,,,,,,,
FALSE,,,,,,,,,,,,,,,,FALSE,FALSE,,,,,,,,,,,,,,,,,,,
FALSE,,,,,,,,,,,,,,,,FALSE,FALSE,,,,,,,,,,,,,,,,,,,
FALSE,,,,,,,,,,,,,,,,FALSE,FALSE,,,,,,,,,,,,,,,,,,,
FALSE,,,,,,,,,,,,,,,,FALSE,FALSE,,,,,,,,,,,,,,,,,,,
FALSE,,,,,,,,,,,,,,,,FALSE,FALSE,,,,,,,,,,,,,,,,,,,
FALSE,,,,,,,,,,,,,,,,FALSE,FALSE,,,,,,,,,,,,,,,,,,,
FALSE,,,,,,,,,,,,,,,,FALSE,FALSE,,,,,,,,,,,,,,,,,,,
FALSE,,,,,,,,,,,,,,,,FALSE,FALSE,,,,,,,,,,,,,,,,,,,
FALSE,,,,,,,,,,,,,,,,FALSE,FALSE,,,,,,,,,,,,,,,,,,,
FALSE,,,,,,,,,,,,,,,,FALSE,FALSE,,,,,,,,,,,,,,,,,,,
FALSE,,,,,,,,,,,,,,,,FALSE,FALSE,,,,,,,,,,,,,,,,,,,
FALSE,,,,,,,,,,,,,,,,FALSE,FALSE,,,,,,,,,,,,,,,,,,,
FALSE,,,,,,,,,,,,,,,,FALSE,FALSE,,,,,,,,,,,,,,,,,,,
FALSE,,,,,,,,,,,,,,,,FALSE,FALSE,,,,,,,,,,,,,,,,,,,
FALSE,,,,,,,,,,,,,,,,FALSE,FALSE,,,,,,,,,,,,,,,,,,,
FALSE,,,,,,,,,,,,,,,,FALSE,FALSE,,,,,,,,,,,,,,,,,,,
FALSE,,,,,,,,,,,,,,,,FALSE,FALSE,,,,,,,,,,,,,,,,,,,
FALSE,,,,,,,,,,,,,,,,FALSE,FALSE,,,,,,,,,,,,,,,,,,,
FALSE,,,,,,,,,,,,,,,,FALSE,FALSE,,,,,,,,,,,,,,,,,,,
FALSE,,,,,,,,,,,,,,,,FALSE,FALSE,,,,,,,,,,,,,,,,,,,
FALSE,,,,,,,,,,,,,,,,FALSE,FALSE,,,,,,,,,,,,,,,,,,,
FALSE,,,,,,,,,,,,,,,,FALSE,FALSE,,,,,,,,,,,,,,,,,,,
FALSE,,,,,,,,,,,,,,,,FALSE,FALSE,,,,,,,,,,,,,,,,,,,
FALSE,,,,,,,,,,,,,,,,FALSE,FALSE,,,,,,,,,,,,,,,,,,,
FALSE,,,,,,,,,,,,,,,,FALSE,FALSE,,,,,,,,,,,,,,,,,,,
FALSE,,,,,,,,,,,,,,,,FALSE,FALSE,,,,,,,,,,,,,,,,,,,
FALSE,,,,,,,,,,,,,,,,FALSE,FALSE,,,,,,,,,,,,,,,,,,,
FALSE,,,,,,,,,,,,,,,,FALSE,FALSE,,,,,,,,,,,,,,,,,,,
FALSE,,,,,,,,,,,,,,,,FALSE,FALSE,,,,,,,,,,,,,,,,,,,
FALSE,,,,,,,,,,,,,,,,FALSE,FALSE,,,,,,,,,,,,,,,,,,,
FALSE,,,,,,,,,,,,,,,,FALSE,FALSE,,,,,,,,,,,,,,,,,,,
FALSE,,,,,,,,,,,,,,,,FALSE,FALSE,,,,,,,,,,,,,,,,,,,
FALSE,,,,,,,,,,,,,,,,FALSE,FALSE,,,,,,,,,,,,,,,,,,,
FALSE,,,,,,,,,,,,,,,,FALSE,FALSE,,,,,,,,,,,,,,,,,,,
FALSE,,,,,,,,,,,,,,,,FALSE,FALSE,,,,,,,,,,,,,,,,,,,
FALSE,,,,,,,,,,,,,,,,FALSE,FALSE,,,,,,,,,,,,,,,,,,,
FALSE,,,,,,,,,,,,,,,,FALSE,FALSE,,,,,,,,,,,,,,,,,,,
FALSE,,,,,,,,,,,,,,,,FALSE,FALSE,,,,,,,,,,,,,,,,,,,
FALSE,,,,,,,,,,,,,,,,FALSE,FALSE,,,,,,,,,,,,,,,,,,,
FALSE,,,,,,,,,,,,,,,,FALSE,FALSE,,,,,,,,,,,,,,,,,,,
FALSE,,,,,,,,,,,,,,,,FALSE,FALSE,,,,,,,,,,,,,,,,,,,
FALSE,,,,,,,,,,,,,,,,FALSE,FALSE,,,,,,,,,,,,,,,,,,,
FALSE,,,,,,,,,,,,,,,,FALSE,FALSE,,,,,,,,,,,,,,,,,,,
FALSE,,,,,,,,,,,,,,,,FALSE,FALSE,,,,,,,,,,,,,,,,,,,
FALSE,,,,,,,,,,,,,,,,FALSE,FALSE,,,,,,,,,,,,,,,,,,,
FALSE,,,,,,,,,,,,,,,,FALSE,FALSE,,,,,,,,,,,,,,,,,,,
FALSE,,,,,,,,,,,,,,,,FALSE,FALSE,,,,,,,,,,,,,,,,,,,
FALSE,,,,,,,,,,,,,,,,FALSE,FALSE,,,,,,,,,,,,,,,,,,,
FALSE,,,,,,,,,,,,,,,,FALSE,FALSE,,,,,,,,,,,,,,,,,,,
FALSE,,,,,,,,,,,,,,,,FALSE,FALSE,,,,,,,,,,,,,,,,,,,
FALSE,,,,,,,,,,,,,,,,FALSE,FALSE,,,,,,,,,,,,,,,,,,,
FALSE,,,,,,,,,,,,,,,,FALSE,FALSE,,,,,,,,,,,,,,,,,,,
FALSE,,,,,,,,,,,,,,,,FALSE,FALSE,,,,,,,,,,,,,,,,,,,
FALSE,,,,,,,,,,,,,,,,FALSE,FALSE,,,,,,,,,,,,,,,,,,,
FALSE,,,,,,,,,,,,,,,,FALSE,FALSE,,,,,,,,,,,,,,,,,,,
FALSE,,,,,,,,,,,,,,,,FALSE,FALSE,,,,,,,,,,,,,,,,,,,
FALSE,,,,,,,,,,,,,,,,FALSE,FALSE,,,,,,,,,,,,,,,,,,,
FALSE,,,,,,,,,,,,,,,,FALSE,FALSE,,,,,,,,,,,,,,,,,,,
FALSE,,,,,,,,,,,,,,,,FALSE,FALSE,,,,,,,,,,,,,,,,,,,
FALSE,,,,,,,,,,,,,,,,FALSE,FALSE,,,,,,,,,,,,,,,,,,,
FALSE,,,,,,,,,,,,,,,,FALSE,FALSE,,,,,,,,,,,,,,,,,,,
FALSE,,,,,,,,,,,,,,,,FALSE,FALSE,,,,,,,,,,,,,,,,,,,
FALSE,,,,,,,,,,,,,,,,FALSE,FALSE,,,,,,,,,,,,,,,,,,,
FALSE,,,,,,,,,,,,,,,,FALSE,FALSE,,,,,,,,,,,,,,,,,,,
FALSE,,,,,,,,,,,,,,,,FALSE,FALSE,,,,,,,,,,,,,,,,,,,
FALSE,,,,,,,,,,,,,,,,FALSE,FALSE,,,,,,,,,,,,,,,,,,,
FALSE,,,,,,,,,,,,,,,,FALSE,FALSE,,,,,,,,,,,,,,,,,,,
FALSE,,,,,,,,,,,,,,,,FALSE,FALSE,,,,,,,,,,,,,,,,,,,
FALSE,,,,,,,,,,,,,,,,FALSE,FALSE,,,,,,,,,,,,,,,,,,,
FALSE,,,,,,,,,,,,,,,,FALSE,FALSE,,,,,,,,,,,,,,,,,,,
FALSE,,,,,,,,,,,,,,,,FALSE,FALSE,,,,,,,,,,,,,,,,,,,
FALSE,,,,,,,,,,,,,,,,FALSE,FALSE,,,,,,,,,,,,,,,,,,,
FALSE,,,,,,,,,,,,,,,,FALSE,FALSE,,,,,,,,,,,,,,,,,,,
FALSE,,,,,,,,,,,,,,,,FALSE,FALSE,,,,,,,,,,,,,,,,,,,
FALSE,,,,,,,,,,,,,,,,FALSE,FALSE,,,,,,,,,,,,,,,,,,,
FALSE,,,,,,,,,,,,,,,,FALSE,FALSE,,,,,,,,,,,,,,,,,,,
FALSE,,,,,,,,,,,,,,,,FALSE,FALSE,,,,,,,,,,,,,,,,,,,
FALSE,,,,,,,,,,,,,,,,FALSE,FALSE,,,,,,,,,,,,,,,,,,,
FALSE,,,,,,,,,,,,,,,,FALSE,FALSE,,,,,,,,,,,,,,,,,,,
FALSE,,,,,,,,,,,,,,,,FALSE,FALSE,,,,,,,,,,,,,,,,,,,
FALSE,,,,,,,,,,,,,,,,FALSE,FALSE,,,,,,,,,,,,,,,,,,,
FALSE,,,,,,,,,,,,,,,,FALSE,FALSE,,,,,,,,,,,,,,,,,,,
FALSE,,,,,,,,,,,,,,,,FALSE,FALSE,,,,,,,,,,,,,,,,,,,
FALSE,,,,,,,,,,,,,,,,FALSE,FALSE,,,,,,,,,,,,,,,,,,,
FALSE,,,,,,,,,,,,,,,,FALSE,FALSE,,,,,,,,,,,,,,,,,,,
FALSE,,,,,,,,,,,,,,,,FALSE,FALSE,,,,,,,,,,,,,,,,,,,
FALSE,,,,,,,,,,,,,,,,FALSE,FALSE,,,,,,,,,,,,,,,,,,,
FALSE,,,,,,,,,,,,,,,,FALSE,FALSE,,,,,,,,,,,,,,,,,,,
FALSE,,,,,,,,,,,,,,,,FALSE,FALSE,,,,,,,,,,,,,,,,,,,
FALSE,,,,,,,,,,,,,,,,FALSE,FALSE,,,,,,,,,,,,,,,,,,,
FALSE,,,,,,,,,,,,,,,,FALSE,FALSE,,,,,,,,,,,,,,,,,,,
FALSE,,,,,,,,,,,,,,,,FALSE,FALSE,,,,,,,,,,,,,,,,,,,
FALSE,,,,,,,,,,,,,,,,FALSE,FALSE,,,,,,,,,,,,,,,,,,,
FALSE,,,,,,,,,,,,,,,,FALSE,FALSE,,,,,,,,,,,,,,,,,,,
FALSE,,,,,,,,,,,,,,,,FALSE,FALSE,,,,,,,,,,,,,,,,,,,
FALSE,,,,,,,,,,,,,,,,FALSE,FALSE,,,,,,,,,,,,,,,,,,,
FALSE,,,,,,,,,,,,,,,,FALSE,FALSE,,,,,,,,,,,,,,,,,,,
FALSE,,,,,,,,,,,,,,,,FALSE,FALSE,,,,,,,,,,,,,,,,,,,
FALSE,,,,,,,,,,,,,,,,FALSE,FALSE,,,,,,,,,,,,,,,,,,,
FALSE,,,,,,,,,,,,,,,,FALSE,FALSE,,,,,,,,,,,,,,,,,,,
FALSE,,,,,,,,,,,,,,,,FALSE,FALSE,,,,,,,,,,,,,,,,,,,
FALSE,,,,,,,,,,,,,,,,FALSE,FALSE,,,,,,,,,,,,,,,,,,,
FALSE,,,,,,,,,,,,,,,,FALSE,FALSE,,,,,,,,,,,,,,,,,,,
FALSE,,,,,,,,,,,,,,,,FALSE,FALSE,,,,,,,,,,,,,,,,,,,
FALSE,,,,,,,,,,,,,,,,FALSE,FALSE,,,,,,,,,,,,,,,,,,,
FALSE,,,,,,,,,,,,,,,,FALSE,FALSE,,,,,,,,,,,,,,,,,,,
FALSE,,,,,,,,,,,,,,,,FALSE,FALSE,,,,,,,,,,,,,,,,,,,
FALSE,,,,,,,,,,,,,,,,FALSE,FALSE,,,,,,,,,,,,,,,,,,,
FALSE,,,,,,,,,,,,,,,,FALSE,FALSE,,,,,,,,,,,,,,,,,,,
FALSE,,,,,,,,,,,,,,,,FALSE,FALSE,,,,,,,,,,,,,,,,,,,
FALSE,,,,,,,,,,,,,,,,FALSE,FALSE,,,,,,,,,,,,,,,,,,,
FALSE,,,,,,,,,,,,,,,,FALSE,FALSE,,,,,,,,,,,,,,,,,,,
FALSE,,,,,,,,,,,,,,,,FALSE,FALSE,,,,,,,,,,,,,,,,,,,
FALSE,,,,,,,,,,,,,,,,FALSE,FALSE,,,,,,,,,,,,,,,,,,,
FALSE,,,,,,,,,,,,,,,,FALSE,FALSE,,,,,,,,,,,,,,,,,,,
FALSE,,,,,,,,,,,,,,,,FALSE,FALSE,,,,,,,,,,,,,,,,,,,
FALSE,,,,,,,,,,,,,,,,FALSE,FALSE,,,,,,,,,,,,,,,,,,,
FALSE,,,,,,,,,,,,,,,,FALSE,FALSE,,,,,,,,,,,,,,,,,,,
FALSE,,,,,,,,,,,,,,,,FALSE,FALSE,,,,,,,,,,,,,,,,,,,
FALSE,,,,,,,,,,,,,,,,FALSE,FALSE,,,,,,,,,,,,,,,,,,,
FALSE,,,,,,,,,,,,,,,,FALSE,FALSE,,,,,,,,,,,,,,,,,,,
FALSE,,,,,,,,,,,,,,,,FALSE,FALSE,,,,,,,,,,,,,,,,,,,
FALSE,,,,,,,,,,,,,,,,FALSE,FALSE,,,,,,,,,,,,,,,,,,,
FALSE,,,,,,,,,,,,,,,,FALSE,FALSE,,,,,,,,,,,,,,,,,,,
FALSE,,,,,,,,,,,,,,,,FALSE,FALSE,,,,,,,,,,,,,,,,,,,
FALSE,,,,,,,,,,,,,,,,FALSE,FALSE,,,,,,,,,,,,,,,,,,,
FALSE,,,,,,,,,,,,,,,,FALSE,FALSE,,,,,,,,,,,,,,,,,,,
FALSE,,,,,,,,,,,,,,,,FALSE,FALSE,,,,,,,,,,,,,,,,,,,
FALSE,,,,,,,,,,,,,,,,FALSE,FALSE,,,,,,,,,,,,,,,,,,,
FALSE,,,,,,,,,,,,,,,,FALSE,FALSE,,,,,,,,,,,,,,,,,,,
FALSE,,,,,,,,,,,,,,,,FALSE,FALSE,,,,,,,,,,,,,,,,,,,
FALSE,,,,,,,,,,,,,,,,FALSE,FALSE,,,,,,,,,,,,,,,,,,,
FALSE,,,,,,,,,,,,,,,,FALSE,FALSE,,,,,,,,,,,,,,,,,,,
FALSE,,,,,,,,,,,,,,,,FALSE,FALSE,,,,,,,,,,,,,,,,,,,
FALSE,,,,,,,,,,,,,,,,FALSE,FALSE,,,,,,,,,,,,,,,,,,,
FALSE,,,,,,,,,,,,,,,,FALSE,FALSE,,,,,,,,,,,,,,,,,,,
FALSE,,,,,,,,,,,,,,,,FALSE,FALSE,,,,,,,,,,,,,,,,,,,
FALSE,,,,,,,,,,,,,,,,FALSE,FALSE,,,,,,,,,,,,,,,,,,,
FALSE,,,,,,,,,,,,,,,,FALSE,FALSE,,,,,,,,,,,,,,,,,,,
FALSE,,,,,,,,,,,,,,,,FALSE,FALSE,,,,,,,,,,,,,,,,,,,
FALSE,,,,,,,,,,,,,,,,FALSE,FALSE,,,,,,,,,,,,,,,,,,,
FALSE,,,,,,,,,,,,,,,,FALSE,FALSE,,,,,,,,,,,,,,,,,,,
FALSE,,,,,,,,,,,,,,,,FALSE,FALSE,,,,,,,,,,,,,,,,,,,
FALSE,,,,,,,,,,,,,,,,FALSE,FALSE,,,,,,,,,,,,,,,,,,,
FALSE,,,,,,,,,,,,,,,,FALSE,FALSE,,,,,,,,,,,,,,,,,,,
FALSE,,,,,,,,,,,,,,,,FALSE,FALSE,,,,,,,,,,,,,,,,,,,
FALSE,,,,,,,,,,,,,,,,FALSE,FALSE,,,,,,,,,,,,,,,,,,,
FALSE,,,,,,,,,,,,,,,,FALSE,FALSE,,,,,,,,,,,,,,,,,,,
FALSE,,,,,,,,,,,,,,,,FALSE,FALSE,,,,,,,,,,,,,,,,,,,
FALSE,,,,,,,,,,,,,,,,FALSE,FALSE,,,,,,,,,,,,,,,,,,,
FALSE,,,,,,,,,,,,,,,,FALSE,FALSE,,,,,,,,,,,,,,,,,,,
FALSE,,,,,,,,,,,,,,,,FALSE,FALSE,,,,,,,,,,,,,,,,,,,
FALSE,,,,,,,,,,,,,,,,FALSE,FALSE,,,,,,,,,,,,,,,,,,,
FALSE,,,,,,,,,,,,,,,,FALSE,FALSE,,,,,,,,,,,,,,,,,,,
FALSE,,,,,,,,,,,,,,,,FALSE,FALSE,,,,,,,,,,,,,,,,,,,
FALSE,,,,,,,,,,,,,,,,FALSE,FALSE,,,,,,,,,,,,,,,,,,,
FALSE,,,,,,,,,,,,,,,,FALSE,FALSE,,,,,,,,,,,,,,,,,,,
FALSE,,,,,,,,,,,,,,,,FALSE,FALSE,,,,,,,,,,,,,,,,,,,
FALSE,,,,,,,,,,,,,,,,FALSE,FALSE,,,,,,,,,,,,,,,,,,,
FALSE,,,,,,,,,,,,,,,,FALSE,FALSE,,,,,,,,,,,,,,,,,,,
FALSE,,,,,,,,,,,,,,,,FALSE,FALSE,,,,,,,,,,,,,,,,,,,
FALSE,,,,,,,,,,,,,,,,FALSE,FALSE,,,,,,,,,,,,,,,,,,,
FALSE,,,,,,,,,,,,,,,,FALSE,FALSE,,,,,,,,,,,,,,,,,,,
FALSE,,,,,,,,,,,,,,,,FALSE,FALSE,,,,,,,,,,,,,,,,,,,
FALSE,,,,,,,,,,,,,,,,FALSE,FALSE,,,,,,,,,,,,,,,,,,,
FALSE,,,,,,,,,,,,,,,,FALSE,FALSE,,,,,,,,,,,,,,,,,,,
FALSE,,,,,,,,,,,,,,,,FALSE,FALSE,,,,,,,,,,,,,,,,,,,
FALSE,,,,,,,,,,,,,,,,FALSE,FALSE,,,,,,,,,,,,,,,,,,,
FALSE,,,,,,,,,,,,,,,,FALSE,FALSE,,,,,,,,,,,,,,,,,,,
FALSE,,,,,,,,,,,,,,,,FALSE,FALSE,,,,,,,,,,,,,,,,,,,
FALSE,,,,,,,,,,,,,,,,FALSE,FALSE,,,,,,,,,,,,,,,,,,,
FALSE,,,,,,,,,,,,,,,,FALSE,FALSE,,,,,,,,,,,,,,,,,,,
FALSE,,,,,,,,,,,,,,,,FALSE,FALSE,,,,,,,,,,,,,,,,,,,
FALSE,,,,,,,,,,,,,,,,FALSE,FALSE,,,,,,,,,,,,,,,,,,,
FALSE,,,,,,,,,,,,,,,,FALSE,FALSE,,,,,,,,,,,,,,,,,,,
FALSE,,,,,,,,,,,,,,,,FALSE,FALSE,,,,,,,,,,,,,,,,,,,
FALSE,,,,,,,,,,,,,,,,FALSE,FALSE,,,,,,,,,,,,,,,,,,,
FALSE,,,,,,,,,,,,,,,,FALSE,FALSE,,,,,,,,,,,,,,,,,,,
FALSE,,,,,,,,,,,,,,,,FALSE,FALSE,,,,,,,,,,,,,,,,,,,
FALSE,,,,,,,,,,,,,,,,FALSE,FALSE,,,,,,,,,,,,,,,,,,,
FALSE,,,,,,,,,,,,,,,,FALSE,FALSE,,,,,,,,,,,,,,,,,,,
FALSE,,,,,,,,,,,,,,,,FALSE,FALSE,,,,,,,,,,,,,,,,,,,
FALSE,,,,,,,,,,,,,,,,FALSE,FALSE,,,,,,,,,,,,,,,,,,,
FALSE,,,,,,,,,,,,,,,,FALSE,FALSE,,,,,,,,,,,,,,,,,,,
FALSE,,,,,,,,,,,,,,,,FALSE,FALSE,,,,,,,,,,,,,,,,,,,
FALSE,,,,,,,,,,,,,,,,FALSE,FALSE,,,,,,,,,,,,,,,,,,,
FALSE,,,,,,,,,,,,,,,,FALSE,FALSE,,,,,,,,,,,,,,,,,,,
FALSE,,,,,,,,,,,,,,,,FALSE,FALSE,,,,,,,,,,,,,,,,,,,
FALSE,,,,,,,,,,,,,,,,FALSE,FALSE,,,,,,,,,,,,,,,,,,,
FALSE,,,,,,,,,,,,,,,,FALSE,FALSE,,,,,,,,,,,,,,,,,,,
FALSE,,,,,,,,,,,,,,,,FALSE,FALSE,,,,,,,,,,,,,,,,,,,
FALSE,,,,,,,,,,,,,,,,FALSE,FALSE,,,,,,,,,,,,,,,,,,,
FALSE,,,,,,,,,,,,,,,,FALSE,FALSE,,,,,,,,,,,,,,,,,,,
FALSE,,,,,,,,,,,,,,,,FALSE,FALSE,,,,,,,,,,,,,,,,,,,
FALSE,,,,,,,,,,,,,,,,FALSE,FALSE,,,,,,,,,,,,,,,,,,,
FALSE,,,,,,,,,,,,,,,,FALSE,FALSE,,,,,,,,,,,,,,,,,,,
FALSE,,,,,,,,,,,,,,,,FALSE,FALSE,,,,,,,,,,,,,,,,,,,
FALSE,,,,,,,,,,,,,,,,FALSE,FALSE,,,,,,,,,,,,,,,,,,,
FALSE,,,,,,,,,,,,,,,,FALSE,FALSE,,,,,,,,,,,,,,,,,,,
FALSE,,,,,,,,,,,,,,,,FALSE,FALSE,,,,,,,,,,,,,,,,,,,
FALSE,,,,,,,,,,,,,,,,FALSE,FALSE,,,,,,,,,,,,,,,,,,,
FALSE,,,,,,,,,,,,,,,,FALSE,FALSE,,,,,,,,,,,,,,,,,,,
FALSE,,,,,,,,,,,,,,,,FALSE,FALSE,,,,,,,,,,,,,,,,,,,
FALSE,,,,,,,,,,,,,,,,FALSE,FALSE,,,,,,,,,,,,,,,,,,,
FALSE,,,,,,,,,,,,,,,,FALSE,FALSE,,,,,,,,,,,,,,,,,,,
FALSE,,,,,,,,,,,,,,,,FALSE,FALSE,,,,,,,,,,,,,,,,,,,
FALSE,,,,,,,,,,,,,,,,FALSE,FALSE,,,,,,,,,,,,,,,,,,,
FALSE,,,,,,,,,,,,,,,,FALSE,FALSE,,,,,,,,,,,,,,,,,,,
FALSE,,,,,,,,,,,,,,,,FALSE,FALSE,,,,,,,,,,,,,,,,,,,
FALSE,,,,,,,,,,,,,,,,FALSE,FALSE,,,,,,,,,,,,,,,,,,,
FALSE,,,,,,,,,,,,,,,,FALSE,FALSE,,,,,,,,,,,,,,,,,,,
FALSE,,,,,,,,,,,,,,,,FALSE,FALSE,,,,,,,,,,,,,,,,,,,
FALSE,,,,,,,,,,,,,,,,FALSE,FALSE,,,,,,,,,,,,,,,,,,,
FALSE,,,,,,,,,,,,,,,,FALSE,FALSE,,,,,,,,,,,,,,,,,,,
FALSE,,,,,,,,,,,,,,,,FALSE,FALSE,,,,,,,,,,,,,,,,,,,
FALSE,,,,,,,,,,,,,,,,FALSE,FALSE,,,,,,,,,,,,,,,,,,,
FALSE,,,,,,,,,,,,,,,,FALSE,FALSE,,,,,,,,,,,,,,,,,,,
FALSE,,,,,,,,,,,,,,,,FALSE,FALSE,,,,,,,,,,,,,,,,,,,
FALSE,,,,,,,,,,,,,,,,FALSE,FALSE,,,,,,,,,,,,,,,,,,,
FALSE,,,,,,,,,,,,,,,,FALSE,FALSE,,,,,,,,,,,,,,,,,,,
FALSE,,,,,,,,,,,,,,,,FALSE,FALSE,,,,,,,,,,,,,,,,,,,